XLF;XLP;XLE;XLB;XLV;XLK;XLU;XLI;IYR;XLP;IEF;Vol XLF;Vol XLP;Vol XLE;Vol XLB;Vol XLV;Vol XLK;Vol XLU;Vol XLI;Vol IYR;Vol XLP;Vol IEF
 $18,90 ; $45,44 ; $88,17 ; $48,44 ; $64,41 ; $39,58 ; $42,54 ; $52,80 ; $69,60 ; $45,44 ; $103,96 ;229,71;62,51;105,52;42,74;47,62;44,73;57,24;67,61;57,32;62,51;10,48
 $18,34 ; $45,61 ; $83,55 ; $46,30 ; $62,97 ; $38,05 ; $42,93 ; $50,32 ; $70,41 ; $45,61 ; $105,34 ;294,67;54,48;171,16;51,18;62,28;70,11;69,37;98,62;63,40;54,48;15,86
 $18,12 ; $44,63 ; $82,70 ; $46,62 ; $61,17 ; $37,65 ; $43,00 ; $51,48 ; $71,40 ; $44,63 ; $106,10 ;365,78;87,47;270,81;77,90;115,27;119,12;98,47;143,67;71,98;87,47;9,40
 $18,76 ; $45,91 ; $85,60 ; $48,28 ; $65,21 ; $39,25 ; $44,53 ; $53,71 ; $73,66 ; $45,91 ; $105,58 ;254,38;63,33;145,82;70,19;59,50;71,99;54,60;78,97;55,50;63,33;6,45
 $19,36 ; $46,71 ; $87,42 ; $48,40 ; $67,27 ; $40,54 ; $45,47 ; $55,21 ; $74,98 ; $46,71 ; $105,02 ;175,76;30,14;112,91;81,74;51,06;46,02;84,36;53,05;52,57;30,14;5,35
 $19,61 ; $47,74 ; $87,79 ; $48,64 ; $67,03 ; $40,84 ; $46,25 ; $56,11 ; $75,27 ; $47,74 ; $105,17 ;159,67;44,84;118,56;48,91;42,85;39,31;98,74;39,43;59,39;44,84;9,30
 $19,54 ; $47,76 ; $86,21 ; $49,29 ; $67,25 ; $41,61 ; $44,94 ; $56,31 ; $74,87 ; $47,76 ; $105,10 ;128,91;27,46;107,51;18,40;30,66;22,13;56,02;35,14;31,62;27,46;4,68
 $19,66 ; $48,45 ; $88,50 ; $50,67 ; $68,32 ; $41,67 ; $45,70 ; $57,18 ; $75,80 ; $48,45 ; $105,22 ;87,42;23,10;92,24;25,90;40,22;27,49;50,57;33,02;36,71;23,10;3,23
 $19,81 ; $49,30 ; $79,82 ; $49,16 ; $69,61 ; $42,49 ; $46,00 ; $56,91 ; $77,02 ; $49,30 ; $106,19 ;58,73;19,36;102,64;11,30;20,25;23,53;39,46;26,22;42,85;19,36;15,94
 $20,15 ; $48,85 ; $80,28 ; $49,77 ; $70,79 ; $42,12 ; $45,87 ; $57,26 ; $76,66 ; $48,85 ; $105,10 ;110,78;35,13;163,40;34,51;35,12;32,51;71,63;48,62;51,84;35,13;5,91
 $19,60 ; $47,91 ; $74,02 ; $46,80 ; $68,78 ; $40,62 ; $45,91 ; $54,82 ; $76,45 ; $47,91 ; $107,01 ;237,43;28,12;205,00;31,70;42,55;41,20;52,71;56,98;54,36;28,12;25,26
 $20,04 ; $48,62 ; $80,57 ; $48,82 ; $70,41 ; $41,57 ; $46,86 ; $56,59 ; $77,73 ; $48,62 ; $106,21 ;195,45;51,27;266,24;41,53;84,16;63,54;77,22;80,03;66,69;51,27;19,65
 $20,26 ; $49,46 ; $80,11 ; $49,23 ; $69,13 ; $42,32 ; $48,55 ; $57,40 ; $77,78 ; $49,46 ; $105,39 ;57,13;15,47;88,28;13,58;40,85;17,74;55,15;20,23;32,27;15,47;5,20
 $20,08 ; $48,35 ; $79,53 ; $48,65 ; $68,63 ; $41,27 ; $47,44 ; $56,51 ; $77,79 ; $48,35 ; $106,53 ;91,64;31,40;86,66;12,56;25,57;24,59;69,61;23,72;33,73;31,40;6,68
 $19,59 ; $49,11 ; $76,36 ; $48,40 ; $70,21 ; $41,25 ; $47,38 ; $55,42 ; $80,12 ; $49,11 ; $107,97 ;177,75;47,90;171,60;28,54;70,14;45,86;80,58;67,71;58,44;47,90;7,75
 $19,07 ; $49,27 ; $75,23 ; $47,85 ; $70,37 ; $40,38 ; $48,62 ; $54,73 ; $81,68 ; $49,27 ; $109,07 ;246,17;53,55;199,23;28,61;68,88;54,29;69,85;80,34;53,51;53,55;8,35
 $19,30 ; $49,65 ; $76,66 ; $48,25 ; $70,94 ; $41,45 ; $49,14 ; $55,99 ; $82,33 ; $49,65 ; $109,24 ;178,71;36,05;110,58;19,59;37,09;41,23;49,69;41,12;37,17;36,05;6,22
 $18,68 ; $48,02 ; $75,55 ; $47,69 ; $69,27 ; $39,90 ; $48,32 ; $54,57 ; $81,23 ; $48,02 ; $110,55 ;213,75;43,26;152,77;27,16;54,92;63,40;57,53;61,69;42,17;43,26;9,37
 $19,60 ; $49,07 ; $79,82 ; $49,92 ; $69,78 ; $41,10 ; $46,56 ; $56,20 ; $80,16 ; $49,07 ; $107,86 ;227,59;42,92;181,55;29,91;73,35;41,28;97,77;64,35;69,06;42,92;18,07
 $19,84 ; $49,50 ; $82,04 ; $51,44 ; $70,72 ; $42,65 ; $45,17 ; $57,17 ; $80,31 ; $49,50 ; $107,18 ;143,85;28,41;125,98;17,98;43,57;35,75;113,41;35,34;43,17;28,41;7,28
 $19,85 ; $49,60 ; $80,54 ; $51,93 ; $72,18 ; $43,08 ; $45,69 ; $58,16 ; $79,95 ; $49,60 ; $106,60 ;94,24;20,42;91,02;12,82;29,76;19,15;86,63;24,00;50,34;20,42;13,73
 $19,77 ; $50,01 ; $79,02 ; $51,49 ; $72,24 ; $43,09 ; $45,23 ; $57,49 ; $79,12 ; $50,01 ; $107,64 ;124,01;20,97;83,85;13,12;37,43;28,19;61,96;29,45;62,62;20,97;6,36
 $19,68 ; $48,76 ; $76,78 ; $50,46 ; $71,41 ; $42,39 ; $43,39 ; $56,46 ; $76,42 ; $48,76 ; $105,49 ;167,35;32,37;77,35;16,12;44,63;37,12;96,50;35,78;64,42;32,37;17,35
 $19,75 ; $48,28 ; $74,63 ; $49,84 ; $71,81 ; $41,49 ; $43,48 ; $56,08 ; $77,81 ; $48,28 ; $106,56 ;165,87;38,86;89,78;17,50;44,21;54,09;67,70;45,42;45,72;38,86;5,24
 $20,07 ; $48,94 ; $76,91 ; $49,23 ; $74,90 ; $42,54 ; $44,98 ; $57,12 ; $81,96 ; $48,94 ; $108,31 ;171,22;77,70;104,49;27,11;55,61;62,32;72,76;61,00;64,97;77,70;5,55
 $19,43 ; $48,71 ; $76,40 ; $48,61 ; $73,04 ; $41,37 ; $43,88 ; $55,55 ; $79,01 ; $48,71 ; $108,12 ;129,97;42,65;70,13;17,04;55,27;35,96;54,53;43,96;53,62;42,65;6,04
 $19,66 ; $49,13 ; $77,72 ; $48,97 ; $71,99 ; $41,37 ; $44,55 ; $55,43 ; $79,84 ; $49,13 ; $108,42 ;104,67;45,59;54,74;12,94;45,84;30,47;47,25;27,72;38,69;45,59;7,85
 $19,68 ; $49,60 ; $80,14 ; $49,70 ; $74,06 ; $42,08 ; $44,66 ; $56,97 ; $78,10 ; $49,60 ; $108,08 ;87,99;27,71;64,46;10,23;37,19;30,84;49,05;37,67;44,70;27,71;4,59
 $19,59 ; $49,06 ; $81,91 ; $49,62 ; $73,29 ; $41,47 ; $44,10 ; $55,80 ; $77,49 ; $49,06 ; $108,98 ;157,01;27,54;81,86;12,79;35,50;41,60;51,25;38,05;40,02;27,54;4,87
 $19,72 ; $49,19 ; $81,98 ; $50,26 ; $74,39 ; $43,13 ; $45,15 ; $56,32 ; $78,15 ; $49,19 ; $108,63 ;98,82;23,70;58,74;16,76;40,24;28,07;53,48;41,02;35,11;23,70;4,07
 $19,76 ; $48,81 ; $82,87 ; $51,25 ; $72,68 ; $43,10 ; $44,47 ; $56,33 ; $75,90 ; $48,81 ; $106,78 ;143,41;33,41;66,26;21,44;73,37;46,17;63,68;50,62;66,12;33,41;7,58
 $20,11 ; $49,17 ; $81,76 ; $51,57 ; $73,45 ; $43,03 ; $44,03 ; $56,58 ; $76,36 ; $49,17 ; $106,72 ;147,62;32,86;78,81;23,79;50,33;41,14;75,99;42,06;69,46;32,86;9,84
 $20,06 ; $49,75 ; $80,67 ; $51,51 ; $74,26 ; $43,31 ; $44,32 ; $57,11 ; $76,83 ; $49,75 ; $106,73 ;139,31;23,80;59,93;18,00;31,77;38,45;70,19;35,38;58,46;23,80;5,45
 $20,19 ; $49,25 ; $80,20 ; $51,12 ; $74,98 ; $43,60 ; $44,57 ; $56,90 ; $76,01 ; $49,25 ; $106,16 ;104,88;26,47;50,22;11,27;32,39;26,65;49,21;32,01;33,51;26,47;5,61
 $19,98 ; $48,79 ; $78,39 ; $50,61 ; $74,94 ; $43,37 ; $44,50 ; $55,81 ; $75,25 ; $48,79 ; $106,92 ;113,75;28,79;49,70;11,57;38,18;32,91;37,35;30,96;34,65;28,79;5,16
 $20,13 ; $47,59 ; $77,67 ; $50,01 ; $74,34 ; $42,95 ; $42,72 ; $55,86 ; $73,48 ; $47,59 ; $104,39 ;146,44;33,45;62,21;17,39;32,80;34,31;73,57;42,01;55,71;33,45;8,33
 $20,33 ; $48,06 ; $76,95 ; $50,20 ; $74,44 ; $42,67 ; $42,54 ; $55,98 ; $73,76 ; $48,06 ; $104,56 ;175,18;39,35;49,45;13,49;34,01;36,85;46,88;32,90;40,97;39,35;7,31
 $20,09 ; $48,66 ; $75,91 ; $50,21 ; $75,71 ; $42,54 ; $42,79 ; $55,72 ; $75,00 ; $48,66 ; $105,75 ;202,73;40,91;57,41;16,40;38,16;51,77;70,50;45,08;49,93;40,91;7,58
 $20,21 ; $48,43 ; $76,08 ; $49,39 ; $75,99 ; $42,26 ; $41,79 ; $55,07 ; $72,49 ; $48,43 ; $104,09 ;142,33;27,37;44,95;12,73;33,94;29,37;59,24;29,48;47,62;27,37;5,32
 $20,01 ; $48,17 ; $74,53 ; $48,51 ; $74,84 ; $41,74 ; $42,23 ; $54,23 ; $72,55 ; $48,17 ; $104,67 ;167,95;31,96;52,68;23,06;35,83;37,80;48,11;47,09;39,48;31,96;8,76
 $20,01 ; $49,18 ; $73,49 ; $47,70 ; $75,28 ; $41,44 ; $42,97 ; $54,17 ; $73,77 ; $49,18 ; $104,64 ;179,08;54,06;75,92;29,49;47,79;59,07;83,59;57,29;51,70;54,06;10,73
 $20,62 ; $50,07 ; $72,44 ; $47,66 ; $76,97 ; $43,44 ; $43,35 ; $54,92 ; $74,39 ; $50,07 ; $105,06 ;156,87;29,20;61,68;20,24;29,63;32,72;48,39;36,91;37,72;29,20;5,58
 $20,40 ; $49,68 ; $69,51 ; $45,08 ; $74,85 ; $42,36 ; $42,33 ; $52,90 ; $73,95 ; $49,68 ; $105,80 ;125,84;33,08;63,50;25,92;36,69;39,94;50,89;42,44;31,46;33,08;4,21
 $20,47 ; $50,31 ; $69,38 ; $45,95 ; $76,59 ; $42,58 ; $43,99 ; $54,22 ; $74,83 ; $50,31 ; $106,44 ;115,60;37,64;93,98;43,54;45,14;42,64;57,57;53,67;37,10;37,64;11,50
 $20,46 ; $50,16 ; $67,03 ; $45,22 ; $75,32 ; $42,12 ; $44,39 ; $53,69 ; $74,75 ; $50,16 ; $106,43 ;123,53;32,61;88,50;30,10;48,84;41,40;74,70;45,00;58,84;32,61;7,21
 $20,50 ; $50,16 ; $69,34 ; $45,72 ; $75,38 ; $42,42 ; $45,57 ; $54,38 ; $75,95 ; $50,16 ; $106,26 ;190,31;29,85;95,92;22,97;37,37;55,55;71,78;38,91;44,16;29,85;7,39
 $19,20 ; $47,71 ; $63,50 ; $43,19 ; $71,70 ; $39,56 ; $45,05 ; $51,46 ; $74,09 ; $47,71 ; $107,65 ;245,20;55,70;91,54;28,05;58,33;56,90;61,67;64,28;59,23;55,70;7,10
 $19,19 ; $47,64 ; $65,75 ; $43,60 ; $71,80 ; $40,60 ; $43,15 ; $51,75 ; $71,91 ; $47,64 ; $106,54 ;415,28;157,20;174,13;83,52;106,41;123,04;112,33;147,39;85,69;157,20;12,93
 $18,39 ; $46,52 ; $63,79 ; $42,05 ; $68,68 ; $39,30 ; $40,96 ; $50,36 ; $68,69 ; $46,52 ; $106,97 ;253,58;56,31;129,01;37,49;80,03;69,84;62,62;67,35;51,38;56,31;14,84
 $18,77 ; $47,10 ; $63,37 ; $42,81 ; $70,63 ; $40,46 ; $41,55 ; $51,51 ; $70,09 ; $47,10 ; $106,58 ;133,17;34,57;65,94;21,78;49,07;39,99;36,99;33,13;38,98;34,57;5,65
 $18,40 ; $47,19 ; $63,10 ; $41,88 ; $70,91 ; $40,06 ; $42,23 ; $50,86 ; $72,01 ; $47,19 ; $107,19 ;212,35;48,97;85,57;30,54;69,52;58,87;60,65;74,65;58,84;48,97;8,57
 $18,52 ; $47,48 ; $62,37 ; $40,20 ; $66,88 ; $39,81 ; $42,73 ; $49,81 ; $71,04 ; $47,48 ; $106,87 ;206,35;46,90;81,47;36,15;113,71;46,78;45,84;54,97;45,26;46,90;7,31
 $18,43 ; $47,84 ; $63,85 ; $41,36 ; $68,29 ; $40,08 ; $43,35 ; $50,41 ; $71,90 ; $47,84 ; $108,31 ;227,16;70,80;88,74;66,22;168,41;66,59;56,67;70,25;52,97;70,80;20,48
 $18,87 ; $49,46 ; $68,94 ; $44,15 ; $68,44 ; $41,48 ; $43,79 ; $53,38 ; $74,25 ; $49,46 ; $107,44 ;177,77;56,81;144,33;66,99;113,36;60,40;56,69;92,86;32,45;56,81;10,72
 $19,12 ; $49,63 ; $69,23 ; $44,09 ; $69,76 ; $41,97 ; $44,78 ; $52,55 ; $75,06 ; $49,63 ; $108,03 ;166,31;38,76;97,30;34,59;89,92;43,96;42,60;59,04;33,71;38,76;7,39
 $19,60 ; $50,74 ; $68,26 ; $45,02 ; $69,33 ; $43,83 ; $44,59 ; $54,66 ; $75,90 ; $50,74 ; $107,48 ;156,75;53,73;82,29;27,00;128,61;53,37;54,09;69,83;41,61;53,73;13,90
 $19,55 ; $49,88 ; $68,03 ; $45,28 ; $71,34 ; $43,65 ; $43,75 ; $54,27 ; $75,36 ; $49,88 ; $107,02 ;224,66;38,63;76,71;29,60;96,36;47,70;64,95;67,94;49,15;38,63;11,76
 $20,08 ; $49,18 ; $69,80 ; $45,33 ; $71,75 ; $44,34 ; $42,25 ; $54,86 ; $73,98 ; $49,18 ; $105,37 ;233,07;57,01;84,43;40,68;62,44;41,52;86,71;59,29;67,23;57,01;13,71
 $19,42 ; $47,83 ; $65,98 ; $44,40 ; $69,57 ; $42,37 ; $42,54 ; $53,52 ; $72,44 ; $47,83 ; $105,80 ;201,74;40,19;76,83;32,67;65,01;58,70;51,17;78,46;45,94;40,19;11,39
 $20,03 ; $49,08 ; $66,90 ; $45,53 ; $71,52 ; $44,20 ; $43,39 ; $55,37 ; $75,08 ; $49,08 ; $105,95 ;213,61;38,53;86,67;37,39;54,01;45,30;63,02;60,57;39,38;38,53;6,79
 $19,96 ; $49,96 ; $67,77 ; $45,62 ; $72,09 ; $43,91 ; $42,75 ; $55,10 ; $75,69 ; $49,96 ; $106,36 ;93,55;23,41;54,83;15,51;24,79;28,91;32,35;35,95;22,48;23,41;3,98
 $20,12 ; $50,44 ; $64,70 ; $45,82 ; $71,78 ; $44,57 ; $42,47 ; $54,56 ; $74,83 ; $50,44 ; $105,77 ;182,13;54,33;113,13;33,72;57,48;59,18;62,28;65,52;53,54;54,33;11,63
 $19,04 ; $49,48 ; $60,46 ; $43,94 ; $70,30 ; $42,80 ; $41,79 ; $52,61 ; $73,23 ; $49,48 ; $106,95 ;228,60;53,72;156,81;41,38;58,55;66,48;58,87;79,82;50,59;53,72;12,08
 $18,92 ; $49,34 ; $58,79 ; $42,27 ; $70,49 ; $42,17 ; $42,51 ; $51,74 ; $74,40 ; $49,34 ; $106,43 ;367,18;73,98;153,15;45,45;77,00;91,15;76,38;98,80;63,46;73,98;11,31
 $19,50 ; $50,87 ; $61,57 ; $44,11 ; $72,45 ; $43,25 ; $43,47 ; $53,46 ; $75,00 ; $50,87 ; $105,97 ;131,83;24,12;86,73;20,69;24,86;31,15;28,45;32,87;28,40;24,12;5,05
 $19,35 ; $50,49 ; $60,32 ; $43,42 ; $72,03 ; $42,83 ; $43,28 ; $53,01 ; $75,08 ; $50,49 ; $105,59 ;108,27;22,50;61,91;16,07;28,87;30,02;32,52;27,49;23,60;22,50;7,21
 $17,95 ; $49,02 ; $56,05 ; $40,06 ; $68,02 ; $40,09 ; $43,11 ; $49,72 ; $72,77 ; $49,02 ; $107,15 ;323,13;69,06;111,61;54,52;83,73;87,64;62,47;69,54;59,84;69,06;15,10
 $17,39 ; $48,30 ; $54,35 ; $38,25 ; $66,87 ; $39,34 ; $43,41 ; $48,65 ; $70,54 ; $48,30 ; $107,99 ;379,18;91,71;172,95;47,88;99,72;96,91;90,25;96,92;56,60;91,71;23,37
 $17,28 ; $49,29 ; $55,74 ; $38,51 ; $67,85 ; $40,38 ; $43,80 ; $48,64 ; $71,25 ; $49,29 ; $107,87 ;278,06;78,00;169,47;43,93;66,61;82,67;66,93;72,31;64,24;78,00;13,97
 $17,64 ; $50,76 ; $58,21 ; $38,77 ; $66,47 ; $41,24 ; $45,42 ; $49,99 ; $72,00 ; $50,76 ; $109,11 ;325,42;79,87;160,64;41,20;82,21;73,66;72,22;70,13;60,43;79,87;10,31
 $17,01 ; $49,63 ; $55,94 ; $40,61 ; $64,40 ; $39,50 ; $46,57 ; $50,04 ; $70,07 ; $49,63 ; $109,75 ;407,12;99,17;156,65;65,54;84,83;92,24;133,52;90,93;55,61;99,17;26,97
 $16,64 ; $50,07 ; $55,28 ; $39,94 ; $64,37 ; $39,27 ; $45,56 ; $49,67 ; $67,13 ; $50,07 ; $110,58 ;533,84;99,20;176,20;55,36;93,24;102,07;123,96;88,88;60,13;99,20;14,53
 $17,04 ; $50,84 ; $56,81 ; $40,75 ; $65,93 ; $40,66 ; $46,20 ; $51,32 ; $69,85 ; $50,84 ; $110,49 ;282,95;49,16;117,04;25,62;48,04;41,58;69,62;52,86;30,17;49,16;12,14
 $17,31 ; $51,09 ; $57,23 ; $42,06 ; $67,30 ; $41,26 ; $46,17 ; $52,45 ; $71,58 ; $51,09 ; $110,39 ;325,58;70,07;111,19;33,93;46,71;44,10;86,09;56,84;32,11;70,07;11,16
 $18,09 ; $52,04 ; $60,96 ; $43,46 ; $67,41 ; $42,42 ; $47,11 ; $53,78 ; $74,45 ; $52,04 ; $109,12 ;331,67;71,05;128,37;47,31;57,24;50,42;117,41;55,94;41,83;71,05;16,65
 $18,26 ; $52,45 ; $62,36 ; $44,40 ; $68,59 ; $42,87 ; $48,15 ; $54,04 ; $75,68 ; $52,45 ; $108,40 ;306,54;62,93;142,20;32,39;54,23;61,43;84,29;58,81;36,67;62,93;10,22
 $18,46 ; $52,65 ; $63,49 ; $45,42 ; $66,84 ; $43,59 ; $48,63 ; $55,63 ; $77,29 ; $52,65 ; $109,34 ;271,58;57,85;129,09;33,16;78,69;49,92;87,86;59,41;38,83;57,85;12,86
 $18,12 ; $52,32 ; $61,84 ; $44,55 ; $67,39 ; $43,62 ; $48,91 ; $55,12 ; $75,43 ; $52,32 ; $109,19 ;158,72;42,03;65,27;18,60;42,98;38,53;57,51;35,96;27,45;42,03;6,12
 $18,43 ; $53,62 ; $61,06 ; $45,24 ; $68,55 ; $44,70 ; $49,81 ; $55,73 ; $77,91 ; $53,62 ; $110,14 ;165,63;49,79;70,53;26,23;42,94;51,73;75,89;53,19;38,76;49,79;16,33
 $17,91 ; $53,41 ; $62,37 ; $44,52 ; $69,35 ; $43,89 ; $48,85 ; $54,71 ; $77,57 ; $53,41 ; $110,87 ;199,50;54,65;81,67;26,29;90,58;48,90;85,96;56,78;37,39;54,65;10,01
 $18,60 ; $53,04 ; $63,54 ; $46,03 ; $70,02 ; $44,34 ; $48,89 ; $56,05 ; $77,83 ; $53,04 ; $110,56 ;218,73;55,03;94,23;20,35;46,51;38,57;60,93;55,63;35,87;55,03;6,77
 $19,12 ; $51,96 ; $67,04 ; $47,21 ; $71,87 ; $43,44 ; $47,35 ; $56,41 ; $76,64 ; $51,96 ; $109,41 ;239,25;87,34;94,22;28,80;53,44;46,66;90,06;58,26;42,52;87,34;7,05
 $18,93 ; $52,30 ; $67,50 ; $47,10 ; $69,79 ; $42,13 ; $48,42 ; $56,16 ; $76,56 ; $52,30 ; $110,00 ;220,91;56,53;92,44;27,38;58,58;64,07;90,66;65,55;35,88;56,53;9,94
 $18,78 ; $53,24 ; $65,27 ; $46,16 ; $69,18 ; $42,25 ; $48,83 ; $55,64 ; $79,52 ; $53,24 ; $110,41 ;178,86;56,93;76,73;37,35;54,62;59,12;85,60;66,19;43,21;56,93;8,67
 $18,58 ; $53,24 ; $64,99 ; $45,95 ; $69,14 ; $42,21 ; $49,39 ; $55,05 ; $78,63 ; $53,24 ; $110,89 ;148,09;47,44;65,44;34,60;56,40;48,87;67,02;62,56;41,05;47,44;10,84
 $18,85 ; $52,16 ; $66,16 ; $46,28 ; $69,69 ; $42,73 ; $48,29 ; $55,03 ; $76,74 ; $52,16 ; $109,63 ;228,65;68,46;79,21;33,03;51,47;41,75;90,65;59,19;50,40;68,46;8,22
 $19,33 ; $53,00 ; $67,13 ; $47,18 ; $71,18 ; $44,10 ; $48,83 ; $55,93 ; $78,24 ; $53,00 ; $109,60 ;171,29;45,45;55,82;22,07;40,85;42,04;68,68;38,43;35,61;45,45;5,74
 $19,09 ; $53,56 ; $66,54 ; $47,66 ; $72,29 ; $43,94 ; $50,08 ; $55,99 ; $78,96 ; $53,56 ; $110,89 ;157,31;38,61;57,11;17,72;43,34;35,33;53,29;40,37;40,77;38,61;11,53
 $18,81 ; $54,13 ; $67,37 ; $47,74 ; $71,78 ; $43,96 ; $50,57 ; $56,47 ; $79,10 ; $54,13 ; $111,45 ;155,01;38,89;78,80;23,29;40,06;42,41;48,13;50,18;34,84;38,89;8,88
 $18,36 ; $53,47 ; $66,89 ; $47,20 ; $70,06 ; $43,05 ; $50,55 ; $55,73 ; $79,61 ; $53,47 ; $111,72 ;243,05;50,28;78,05;28,85;44,73;48,41;64,89;73,09;35,27;50,28;11,03
 $17,93 ; $53,10 ; $66,78 ; $46,02 ; $69,29 ; $42,28 ; $50,61 ; $54,38 ; $78,83 ; $53,10 ; $112,21 ;328,63;48,20;68,81;28,08;56,41;52,48;65,20;74,53;42,48;48,20;10,93
 $18,47 ; $54,89 ; $68,60 ; $46,36 ; $72,16 ; $43,47 ; $52,48 ; $56,19 ; $82,33 ; $54,89 ; $113,09 ;384,50;77,98;77,54;37,03;57,58;63,10;79,17;115,88;55,49;77,98;20,10
 $18,61 ; $55,69 ; $67,71 ; $46,96 ; $73,69 ; $44,13 ; $52,54 ; $57,23 ; $83,14 ; $55,69 ; $113,80 ;194,29;65,30;56,63;20,91;46,19;35,45;66,47;52,51;33,67;65,30;8,27
 $19,10 ; $55,70 ; $69,23 ; $48,78 ; $74,08 ; $45,01 ; $52,00 ; $58,69 ; $83,64 ; $55,70 ; $111,92 ;231,31;59,09;57,85;23,91;35,96;52,84;77,43;60,05;43,17;59,09;15,50
 $19,23 ; $55,50 ; $68,32 ; $48,66 ; $74,99 ; $45,83 ; $52,76 ; $58,29 ; $85,03 ; $55,50 ; $112,12 ;131,24;38,31;45,20;18,00;32,12;24,13;59,93;35,20;28,92;38,31;13,64
 $19,20 ; $54,70 ; $67,38 ; $48,69 ; $75,20 ; $46,45 ; $52,12 ; $58,04 ; $85,40 ; $54,70 ; $113,07 ;170,38;57,47;68,71;21,21;31,12;41,13;66,81;48,42;27,34;57,47;8,15
 $19,50 ; $54,59 ; $67,53 ; $48,77 ; $75,25 ; $47,05 ; $50,73 ; $58,31 ; $83,95 ; $54,59 ; $111,88 ;158,84;60,91;108,37;19,80;47,83;41,37;75,99;42,92;37,72;60,91;9,98
 $19,37 ; $55,09 ; $68,70 ; $48,42 ; $74,78 ; $47,11 ; $50,90 ; $58,56 ; $83,66 ; $55,09 ; $112,38 ;133,88;40,07;78,45;17,06;37,76;32,42;53,75;28,46;32,88;40,07;7,58
 $19,50 ; $54,92 ; $70,41 ; $48,99 ; $74,36 ; $47,02 ; $50,27 ; $59,02 ; $82,02 ; $54,92 ; $111,86 ;111,86;40,36;70,86;17,06;25,96;26,44;89,92;39,79;35,05;40,36;6,84
 $19,58 ; $54,31 ; $69,38 ; $48,73 ; $73,07 ; $47,05 ; $49,15 ; $58,66 ; $81,75 ; $54,31 ; $111,45 ;145,31;44,28;69,52;20,46;40,06;37,79;54,86;47,82;32,98;44,28;6,40
 $19,95 ; $54,82 ; $69,08 ; $49,25 ; $72,65 ; $47,35 ; $49,63 ; $58,93 ; $83,06 ; $54,82 ; $111,50 ;216,15;51,95;55,22;18,98;35,18;40,01;69,03;43,98;32,89;51,95;9,33
 $19,52 ; $52,69 ; $69,70 ; $47,44 ; $71,51 ; $46,16 ; $48,46 ; $57,12 ; $79,86 ; $52,69 ; $111,00 ;192,94;60,96;67,72;20,49;35,26;51,80;65,35;45,53;41,72;60,96;5,11
 $19,18 ; $52,79 ; $67,45 ; $46,76 ; $72,11 ; $47,21 ; $49,26 ; $56,61 ; $79,38 ; $52,79 ; $111,09 ;328,99;90,10;107,65;39,48;56,65;85,68;115,75;85,29;52,52;90,10;6,34
 $19,38 ; $53,34 ; $67,64 ; $47,31 ; $73,11 ; $47,49 ; $50,94 ; $57,72 ; $82,70 ; $53,34 ; $111,63 ;251,69;74,42;82,58;20,58;35,61;46,66;67,83;52,45;45,89;74,42;4,74
 $19,30 ; $53,21 ; $70,61 ; $47,75 ; $72,11 ; $47,78 ; $48,99 ; $58,38 ; $80,64 ; $53,21 ; $111,88 ;254,66;67,60;115,51;21,00;36,21;48,12;76,70;46,60;33,85;67,60;5,84
 $19,62 ; $52,33 ; $70,61 ; $46,86 ; $71,87 ; $47,62 ; $47,12 ; $57,56 ; $76,55 ; $52,33 ; $110,64 ;269,16;66,82;61,28;31,88;51,85;35,22;110,77;52,35;67,31;66,82;11,73
 $19,42 ; $52,37 ; $69,80 ; $46,32 ; $69,62 ; $47,37 ; $47,75 ; $57,23 ; $77,43 ; $52,37 ; $110,21 ;317,30;65,29;60,60;28,22;57,29;40,02;88,04;50,39;37,59;65,29;7,34
 $19,65 ; $52,23 ; $70,19 ; $47,06 ; $69,71 ; $47,53 ; $48,00 ; $56,99 ; $77,99 ; $52,23 ; $110,74 ;232,81;51,55;55,42;15,46;31,64;29,39;61,79;37,40;23,51;51,55;5,79
 $19,77 ; $52,67 ; $69,37 ; $46,73 ; $67,78 ; $47,44 ; $48,46 ; $57,10 ; $75,52 ; $52,67 ; $109,97 ;211,70;60,10;74,53;19,80;48,82;35,28;63,50;48,23;36,93;60,10;7,75
 $19,49 ; $51,61 ; $67,77 ; $46,40 ; $66,48 ; $46,18 ; $47,95 ; $56,47 ; $73,95 ; $51,61 ; $110,51 ;286,22;57,26;85,08;35,89;89,00;41,39;99,74;65,90;52,95;57,26;10,26
 $21,67 ; $50,54 ; $69,46 ; $48,15 ; $70,49 ; $46,73 ; $46,03 ; $61,05 ; $73,26 ; $50,54 ; $107,12 ;767,82;133,38;90,30;54,20;127,31;103,74;163,46;128,12;74,16;133,38;18,11
 $22,16 ; $50,50 ; $71,13 ; $48,32 ; $69,70 ; $47,36 ; $46,29 ; $61,30 ; $73,68 ; $50,50 ; $105,66 ;693,25;90,07;70,71;27,05;60,40;63,81;100,10;64,01;54,57;90,07;14,50
 $22,41 ; $51,22 ; $72,72 ; $49,56 ; $69,48 ; $48,00 ; $47,16 ; $62,71 ; $74,92 ; $51,22 ; $105,38 ;305,29;56,57;53,14;14,04;39,00;28,69;44,96;40,35;28,17;56,57;8,66
 $22,65 ; $50,57 ; $74,83 ; $49,98 ; $68,41 ; $46,69 ; $46,80 ; $62,81 ; $74,45 ; $50,57 ; $105,18 ;475,48;95,08;127,73;29,86;41,57;57,15;96,11;79,84;44,78;95,08;12,71
 $23,75 ; $52,04 ; $76,60 ; $51,50 ; $68,85 ; $48,65 ; $47,96 ; $63,98 ; $77,32 ; $52,04 ; $104,59 ;506,99;80,95;79,08;30,98;43,77;50,22;66,63;49,04;42,83;80,95;9,13
 $23,36 ; $52,05 ; $76,51 ; $50,42 ; $69,58 ; $48,59 ; $48,41 ; $62,58 ; $76,80 ; $52,05 ; $103,64 ;535,08;77,78;90,13;30,35;54,21;63,60;108,49;59,37;57,56;77,78;11,28
 $23,58 ; $52,06 ; $76,35 ; $50,27 ; $69,46 ; $48,97 ; $48,61 ; $62,99 ; $75,83 ; $52,06 ; $103,96 ;228,32;42,41;41,57;16,38;28,28;34,42;44,00;25,39;33,42;42,41;7,23
 $23,25 ; $51,71 ; $75,32 ; $49,70 ; $68,94 ; $48,36 ; $48,57 ; $62,22 ; $76,94 ; $51,71 ; $104,82 ;153,09;40,37;33,65;14,76;21,89;27,92;50,67;27,17;19,84;40,37;6,29
 $23,54 ; $52,12 ; $75,89 ; $50,62 ; $70,95 ; $49,40 ; $48,83 ; $63,14 ; $78,41 ; $52,12 ; $105,09 ;216,61;52,28;54,36;19,13;32,72;35,42;60,70;52,46;33,30;52,28;9,70
 $23,51 ; $51,52 ; $74,38 ; $50,87 ; $70,92 ; $49,66 ; $48,51 ; $63,22 ; $77,10 ; $51,52 ; $105,39 ;258,13;49,11;54,55;22,15;54,45;35,33;60,05;44,30;37,23;49,11;7,84
 $23,15 ; $52,58 ; $74,54 ; $51,09 ; $69,84 ; $49,80 ; $48,64 ; $63,44 ; $77,43 ; $52,58 ; $104,82 ;296,48;58,98;36,69;15,03;25,69;26,99;54,23;39,24;29,42;58,98;8,44
 $23,65 ; $52,38 ; $74,23 ; $52,81 ; $69,75 ; $50,74 ; $48,39 ; $64,49 ; $76,97 ; $52,38 ; $104,72 ;299,38;61,61;55,08;30,34;39,14;40,84;59,62;55,30;30,47;61,61;9,38
 $23,72 ; $53,00 ; $73,40 ; $52,08 ; $71,42 ; $50,69 ; $48,90 ; $63,62 ; $77,50 ; $53,00 ; $104,81 ;300,52;77,19;70,43;32,25;70,76;45,12;76,61;67,49;36,64;77,19;8,51
 $23,78 ; $53,62 ; $73,28 ; $52,10 ; $71,86 ; $51,32 ; $49,29 ; $64,73 ; $78,53 ; $53,62 ; $105,23 ;272,02;54,19;60,49;23,21;41,96;32,18;53,01;43,89;28,65;54,19;9,40
 $24,47 ; $54,46 ; $71,97 ; $52,30 ; $73,66 ; $52,19 ; $49,57 ; $65,89 ; $78,78 ; $54,46 ; $105,19 ;347,72;64,18;50,70;17,65;50,41;32,91;74,73;49,03;40,27;64,18;10,81
 $24,42 ; $55,28 ; $70,99 ; $52,43 ; $74,78 ; $52,63 ; $51,59 ; $65,89 ; $80,31 ; $55,28 ; $106,08 ;220,85;42,15;54,73;20,84;35,07;28,98;61,01;49,65;30,34;42,15;10,17
 $24,97 ; $55,14 ; $71,99 ; $52,66 ; $75,80 ; $52,86 ; $51,52 ; $66,32 ; $79,64 ; $55,14 ; $104,57 ;307,82;67,23;78,64;23,60;48,16;39,72;92,46;51,10;35,61;67,23;12,56
 $24,79 ; $55,05 ; $70,01 ; $52,11 ; $75,98 ; $53,11 ; $50,96 ; $65,84 ; $76,54 ; $55,05 ; $103,98 ;330,30;38,88;90,65;21,77;45,25;34,38;68,30;46,44;43,90;38,88;9,05
 $24,45 ; $54,98 ; $69,80 ; $52,34 ; $75,16 ; $53,34 ; $51,23 ; $65,68 ; $78,20 ; $54,98 ; $104,73 ;357,68;57,85;93,19;26,56;47,77;41,51;82,20;62,20;42,98;57,85;9,85
 $23,54 ; $54,70 ; $68,56 ; $51,66 ; $74,29 ; $52,84 ; $51,89 ; $64,53 ; $77,74 ; $54,70 ; $105,48 ;586,96;42,61;63,60;26,53;53,81;55,33;92,79;51,29;36,28;42,61;10,13
 $23,73 ; $54,58 ; $69,90 ; $52,41 ; $74,36 ; $53,31 ; $51,31 ; $65,06 ; $78,49 ; $54,58 ; $105,59 ;425,89;30,27;93,76;17,94;31,73;35,86;56,96;49,56;29,78;30,27;9,02
 $23,52 ; $54,70 ; $70,36 ; $52,59 ; $74,41 ; $53,06 ; $51,40 ; $65,13 ; $79,14 ; $54,70 ; $105,61 ;446,26;35,91;74,55;18,40;34,94;44,42;67,57;46,29;33,20;35,91;10,73
 $22,90 ; $54,84 ; $69,31 ; $51,31 ; $73,98 ; $52,37 ; $51,68 ; $64,02 ; $79,79 ; $54,84 ; $106,94 ;338,41;25,68;53,82;15,46;20,46;31,75;39,71;37,90;24,32;25,68;8,11
 $23,16 ; $55,00 ; $67,79 ; $52,20 ; $73,68 ; $53,17 ; $51,73 ; $65,41 ; $80,58 ; $55,00 ; $106,91 ;397,55;47,10;71,24;17,18;32,76;35,77;61,24;45,51;35,95;47,10;9,03
 $23,53 ; $55,18 ; $67,84 ; $53,07 ; $75,50 ; $54,38 ; $51,70 ; $66,34 ; $78,93 ; $55,18 ; $106,60 ;374,45;37,95;82,65;25,32;33,47;46,31;57,47;53,41;38,51;37,95;14,34
 $23,84 ; $55,22 ; $67,31 ; $53,48 ; $75,97 ; $54,97 ; $51,73 ; $66,92 ; $78,67 ; $55,22 ; $105,99 ;335,08;47,13;95,48;23,51;30,52;36,66;55,46;44,67;40,55;47,13;7,71
 $23,56 ; $54,96 ; $67,75 ; $52,61 ; $75,28 ; $55,56 ; $51,73 ; $66,30 ; $77,59 ; $54,96 ; $106,19 ;295,88;28,35;70,60;18,69;24,13;32,82;40,21;35,10;32,02;28,35;10,44
 $23,35 ; $55,35 ; $68,08 ; $52,44 ; $75,03 ; $55,24 ; $52,08 ; $66,16 ; $78,51 ; $55,35 ; $107,05 ;416,35;40,31;70,25;26,38;44,13;64,60;55,81;55,07;32,18;40,31;12,85
 $23,61 ; $56,50 ; $66,61 ; $52,93 ; $75,89 ; $56,38 ; $53,40 ; $67,41 ; $79,13 ; $56,50 ; $107,00 ;296,73;30,02;69,55;16,54;23,42;68,94;55,10;35,08;22,17;30,02;8,57
 $23,45 ; $57,27 ; $65,09 ; $53,85 ; $77,42 ; $57,19 ; $54,28 ; $68,21 ; $79,94 ; $57,27 ; $107,57 ;327,35;54,52;65,15;21,78;24,52;37,10;39,99;50,50;31,56;54,52;7,66
 $24,29 ; $56,67 ; $66,42 ; $54,63 ; $77,52 ; $56,02 ; $53,67 ; $67,91 ; $80,00 ; $56,67 ; $107,26 ;398,71;66,29;93,08;22,20;34,01;65,40;49,96;57,57;27,13;66,29;10,36
 $24,29 ; $55,95 ; $66,30 ; $54,02 ; $77,69 ; $55,25 ; $54,11 ; $68,68 ; $81,19 ; $55,95 ; $107,71 ;412,60;73,63;112,89;24,15;42,43;106,54;70,81;62,57;41,86;73,63;10,62
 $23,89 ; $55,49 ; $64,38 ; $53,85 ; $80,47 ; $56,30 ; $53,21 ; $68,01 ; $81,22 ; $55,49 ; $107,80 ;299,40;45,01;89,03;17,42;46,59;58,40;52,06;35,54;32,70;45,01;6,26
 $24,67 ; $54,94 ; $64,92 ; $53,81 ; $79,24 ; $54,72 ; $51,96 ; $68,11 ; $79,77 ; $54,94 ; $106,61 ;418,27;58,19;83,36;18,50;40,80;71,94;65,83;38,19;42,10;58,19;10,82
 $25,05 ; $54,51 ; $64,01 ; $54,14 ; $79,22 ; $55,01 ; $51,49 ; $68,66 ; $78,70 ; $54,51 ; $105,77 ;297,34;39,40;76,22;16,37;25,65;52,97;54,03;22,56;30,69;39,40;15,33
 $24,92 ; $54,72 ; $65,40 ; $55,25 ; $80,13 ; $56,86 ; $51,92 ; $69,43 ; $79,84 ; $54,72 ; $106,40 ;263,32;44,83;61,20;14,15;31,69;43,82;57,04;30,88;27,88;44,83;8,17
 $24,80 ; $55,08 ; $65,11 ; $55,26 ; $80,99 ; $57,47 ; $53,29 ; $68,78 ; $80,45 ; $55,08 ; $107,14 ;238,78;36,39;83,00;15,97;35,04;42,72;43,96;35,94;25,77;36,39;9,66
 $24,91 ; $55,34 ; $66,47 ; $55,06 ; $79,96 ; $57,44 ; $53,04 ; $68,40 ; $80,67 ; $55,34 ; $106,82 ;269,80;61,97;77,70;19,61;36,89;56,20;48,96;44,77;26,60;61,97;10,72
 $25,39 ; $55,02 ; $65,64 ; $54,58 ; $79,48 ; $57,61 ; $53,78 ; $68,88 ; $80,50 ; $55,02 ; $106,93 ;238,98;78,30;66,01;24,89;33,85;47,31;58,63;67,37;34,09;78,30;6,24
 $24,73 ; $55,12 ; $63,94 ; $53,48 ; $78,60 ; $57,10 ; $53,74 ; $67,86 ; $78,99 ; $55,12 ; $107,55 ;260,40;45,51;63,56;20,54;29,27;55,00;40,53;46,26;29,22;45,51;5,42
 $24,62 ; $55,20 ; $62,32 ; $53,71 ; $78,00 ; $57,07 ; $54,50 ; $67,15 ; $79,18 ; $55,20 ; $107,57 ;281,43;40,94;74,15;19,11;27,93;55,53;52,35;44,34;36,39;40,94;7,57
 $24,81 ; $54,67 ; $63,00 ; $54,43 ; $78,95 ; $57,70 ; $55,14 ; $67,50 ; $80,78 ; $54,67 ; $107,81 ;192,55;38,49;55,68;15,51;32,37;41,79;35,73;36,80;21,95;38,49;6,48
 $24,77 ; $54,97 ; $63,58 ; $55,43 ; $81,23 ; $58,78 ; $54,80 ; $68,52 ; $81,21 ; $54,97 ; $107,76 ;200,84;46,94;49,28;20,39;28,80;37,78;43,29;42,75;26,65;46,94;8,30
 $24,10 ; $55,09 ; $64,40 ; $55,01 ; $82,54 ; $58,03 ; $55,36 ; $68,27 ; $81,68 ; $55,09 ; $108,64 ;330,48;63,57;54,07;20,25;28,42;34,97;41,84;57,69;22,55;63,57;10,20
 $24,77 ; $55,22 ; $65,84 ; $56,07 ; $82,59 ; $58,74 ; $54,75 ; $69,39 ; $82,08 ; $55,22 ; $107,69 ;297,12;42,92;66,51;25,09;32,61;43,78;58,43;37,99;33,87;42,92;9,82
 $25,43 ; $53,92 ; $67,20 ; $56,55 ; $81,58 ; $58,52 ; $53,23 ; $70,75 ; $80,07 ; $53,92 ; $106,99 ;266,41;47,25;64,88;18,01;31,22;37,91;73,28;27,89;32,25;47,25;9,32
 $25,86 ; $53,98 ; $68,48 ; $56,80 ; $81,73 ; $59,10 ; $53,05 ; $71,00 ; $79,88 ; $53,98 ; $106,52 ;232,96;60,44;62,55;20,70;33,54;48,28;60,39;30,51;31,39;60,44;10,94
 $26,35 ; $53,81 ; $68,07 ; $57,90 ; $82,89 ; $59,95 ; $53,43 ; $71,94 ; $80,25 ; $53,81 ; $106,12 ;267,46;86,26;51,98;21,33;28,94;33,04;61,37;62,84;29,28;86,26;12,07
 $26,13 ; $54,57 ; $68,14 ; $58,35 ; $82,42 ; $60,50 ; $54,15 ; $72,06 ; $81,57 ; $54,57 ; $106,86 ;224,31;49,95;42,89;12,80;23,27;29,46;57,52;39,24;18,96;49,95;7,73
 $26,64 ; $53,90 ; $67,77 ; $58,74 ; $83,88 ; $61,10 ; $54,86 ; $72,96 ; $80,82 ; $53,90 ; $106,04 ;222,80;39,64;41,16;17,96;38,35;33,81;51,05;36,35;23,83;39,64;8,30
 $26,78 ; $53,10 ; $67,34 ; $59,12 ; $82,14 ; $62,54 ; $55,05 ; $72,32 ; $79,60 ; $53,10 ; $105,85 ;271,99;55,04;57,55;25,21;40,71;48,29;67,97;41,66;30,95;55,04;7,53
 $26,78 ; $53,14 ; $68,68 ; $58,83 ; $81,61 ; $63,49 ; $55,21 ; $71,83 ; $80,43 ; $53,14 ; $106,37 ;222,46;44,26;61,01;31,46;36,92;46,12;56,83;40,88;23,84;44,26;8,72
 $26,08 ; $54,28 ; $69,66 ; $58,11 ; $81,20 ; $63,50 ; $55,51 ; $71,06 ; $82,51 ; $54,28 ; $105,83 ;307,60;51,54;70,28;17,47;27,39;37,10;54,71;33,73;37,81;51,54;5,33
 $26,16 ; $54,76 ; $67,43 ; $58,31 ; $81,24 ; $63,35 ; $55,81 ; $70,50 ; $82,14 ; $54,76 ; $106,18 ;265,22;45,87;63,40;18,20;28,00;36,11;62,35;36,77;38,69;45,87;7,12
 $26,22 ; $54,77 ; $67,88 ; $58,84 ; $81,77 ; $64,50 ; $55,88 ; $71,41 ; $82,50 ; $54,77 ; $106,28 ;114,34;30,13;30,55;10,86;19,38;31,21;27,63;24,30;20,91;30,13;4,26
 $27,58 ; $56,19 ; $69,68 ; $59,07 ; $83,30 ; $63,51 ; $56,41 ; $73,59 ; $82,12 ; $56,19 ; $105,93 ;547,56;73,26;79,80;27,76;46,63;92,10;71,92;76,56;39,62;73,26;14,16
 $28,01 ; $56,59 ; $69,28 ; $59,43 ; $83,01 ; $63,60 ; $55,87 ; $74,69 ; $81,58 ; $56,59 ; $105,91 ;352,45;78,67;55,66;27,50;43,97;65,74;63,83;69,12;32,34;78,67;9,87
 $27,81 ; $56,88 ; $68,72 ; $59,08 ; $83,71 ; $64,56 ; $55,02 ; $74,52 ; $82,46 ; $56,88 ; $106,12 ;398,93;42,76;54,23;24,64;35,90;62,43;81,15;41,95;30,83;42,76;7,57
 $28,05 ; $56,87 ; $71,97 ; $60,34 ; $82,91 ; $64,54 ; $52,45 ; $75,40 ; $79,84 ; $56,87 ; $105,04 ;277,47;40,27;56,14;19,00;26,45;53,13;81,45;31,19;39,12;40,27;11,97
 $27,91 ; $56,89 ; $72,26 ; $60,53 ; $82,68 ; $63,95 ; $52,68 ; $75,67 ; $81,01 ; $56,89 ; $105,57 ;146,43;26,88;34,81;9,90;16,82;27,92;30,80;19,17;22,61;26,88;8,27
 $28,41 ; $56,93 ; $74,97 ; $62,86 ; $85,25 ; $66,30 ; $51,33 ; $77,62 ; $79,29 ; $56,93 ; $105,15 ;212,58;69,11;62,70;22,72;29,66;45,48;71,47;66,54;33,53;69,11;10,63
 $29,23 ; $56,65 ; $77,42 ; $63,39 ; $86,82 ; $66,81 ; $50,26 ; $80,17 ; $76,96 ; $56,65 ; $104,57 ;247,24;49,72;67,74;23,89;32,61;43,79;80,48;43,25;38,09;49,72;13,75
 $29,54 ; $58,03 ; $76,38 ; $63,28 ; $88,44 ; $67,80 ; $49,99 ; $79,69 ; $77,46 ; $58,03 ; $103,79 ;231,85;48,74;55,38;30,19;28,89;59,78;90,71;37,61;27,14;48,74;14,36
 $30,17 ; $58,71 ; $77,51 ; $64,09 ; $91,54 ; $69,19 ; $51,04 ; $80,66 ; $78,77 ; $58,71 ; $103,77 ;253,40;53,87;59,63;27,13;43,20;60,77;116,98;51,30;37,78;53,87;18,45
 $29,36 ; $56,47 ; $72,46 ; $60,46 ; $86,89 ; $66,48 ; $49,88 ; $77,99 ; $76,46 ; $56,47 ; $102,22 ;291,99;65,28;100,18;43,22;66,17;96,06;108,92;77,70;45,48;65,28;22,35
 $27,68 ; $53,71 ; $66,67 ; $58,42 ; $82,10 ; $63,53 ; $48,56 ; $73,81 ; $73,28 ; $53,71 ; $102,22 ;694,35;163,74;155,13;93,88;141,42;182,29;165,49;152,60;72,78;163,74;27,12
 $28,98 ; $55,60 ; $68,12 ; $60,48 ; $85,41 ; $67,18 ; $50,12 ; $77,29 ; $75,06 ; $55,60 ; $102,01 ;298,80;79,76;87,26;39,85;50,76;65,74;108,48;69,20;53,13;79,76;15,01
 $29,12 ; $54,35 ; $68,80 ; $61,29 ; $85,33 ; $68,29 ; $50,35 ; $77,68 ; $74,83 ; $54,35 ; $102,13 ;191,60;51,84;61,37;18,30;30,10;52,83;80,01;37,64;35,68;51,84;13,29
 $28,44 ; $53,74 ; $66,95 ; $58,96 ; $83,64 ; $67,68 ; $48,94 ; $75,13 ; $72,97 ; $53,74 ; $102,07 ;354,59;87,43;80,80;32,72;43,93;79,50;82,20;98,47;44,19;87,43;16,05
 $29,70 ; $54,60 ; $68,45 ; $61,32 ; $86,51 ; $70,51 ; $49,40 ; $78,45 ; $75,49 ; $54,60 ; $101,92 ;255,63;74,45;60,28;34,81;42,13;52,12;78,24;79,14;44,35;74,45;8,89
 $28,87 ; $53,25 ; $67,31 ; $59,15 ; $85,39 ; $69,61 ; $50,25 ; $76,58 ; $76,48 ; $53,25 ; $102,37 ;264,84;55,75;58,32;27,04;34,53;64,90;95,06;53,44;39,20;55,75;12,58
 $26,82 ; $50,86 ; $66,77 ; $56,02 ; $79,67 ; $64,28 ; $49,06 ; $72,74 ; $72,90 ; $50,86 ; $102,70 ;317,03;69,15;79,92;30,42;43,92;82,33;98,56;66,03;41,71;69,15;16,34
 $27,57 ; $52,63 ; $67,41 ; $56,94 ; $81,40 ; $65,42 ; $50,53 ; $74,29 ; $75,47 ; $52,63 ; $103,19 ;306,48;75,49;62,10;31,19;37,21;99,62;73,85;62,87;40,97;75,49;13,02
 $27,17 ; $52,42 ; $67,35 ; $56,51 ; $79,88 ; $64,05 ; $50,42 ; $72,77 ; $75,15 ; $52,42 ; $102,92 ;353,75;112,83;78,01;38,16;49,24;98,83;76,55;102,48;55,66;112,83;13,64
 $27,46 ; $52,59 ; $71,41 ; $58,11 ; $81,87 ; $66,32 ; $49,79 ; $73,99 ; $74,45 ; $52,59 ; $102,58 ;309,29;55,55;82,27;33,44;34,33;57,54;56,41;58,23;39,64;55,55;11,34
 $27,88 ; $50,49 ; $73,30 ; $59,00 ; $82,09 ; $66,21 ; $50,30 ; $75,60 ; $73,93 ; $50,49 ; $101,57 ;287,57;73,08;79,16;25,98;29,51;63,97;71,96;51,17;39,28;73,08;10,54
 $27,70 ; $50,77 ; $73,82 ; $57,76 ; $83,54 ; $65,89 ; $51,71 ; $73,19 ; $75,87 ; $50,77 ; $101,59 ;247,74;72,23;73,55;32,61;42,36;81,37;71,17;81,99;35,57;72,23;15,90
 $27,27 ; $49,69 ; $73,85 ; $57,80 ; $81,00 ; $67,62 ; $51,51 ; $72,26 ; $76,74 ; $49,69 ; $101,64 ;243,06;73,41;69,11;31,74;48,75;57,64;64,92;90,01;37,74;73,41;17,65
 $28,26 ; $49,54 ; $76,73 ; $58,89 ; $83,03 ; $69,88 ; $50,38 ; $74,71 ; $77,64 ; $49,54 ; $101,41 ;195,75;47,49;97,55;29,04;45,03;63,35;74,26;52,40;46,02;47,49;13,35
 $27,95 ; $49,54 ; $78,11 ; $59,86 ; $83,20 ; $68,87 ; $48,99 ; $75,33 ; $75,49 ; $49,54 ; $100,75 ;196,27;76,78;63,07;26,95;40,11;49,76;56,21;37,32;46,92;76,78;20,70
 $27,85 ; $49,88 ; $74,58 ; $59,01 ; $82,94 ; $69,75 ; $50,50 ; $75,69 ; $77,12 ; $49,88 ; $101,90 ;210,02;58,21;96,31;20,40;34,56;53,97;62,12;52,89;34,82;58,21;15,76
 $27,48 ; $49,66 ; $76,38 ; $59,07 ; $83,36 ; $71,09 ; $50,21 ; $75,26 ; $78,46 ; $49,66 ; $101,93 ;321,93;62,13;69,71;19,78;50,99;67,30;63,45;53,74;38,86;62,13;28,98
 $28,08 ; $50,83 ; $76,90 ; $60,83 ; $85,04 ; $71,68 ; $48,69 ; $76,44 ; $79,42 ; $50,83 ; $101,71 ;264,03;66,42;67,29;25,00;33,55;74,33;88,17;39,96;38,08;66,42;23,09
 $27,47 ; $51,54 ; $74,17 ; $59,73 ; $85,46 ; $71,72 ; $49,54 ; $75,12 ; $79,09 ; $51,54 ; $101,83 ;297,96;67,23;65,31;20,49;43,01;57,92;88,57;44,84;44,52;67,23;16,29
 $27,07 ; $51,63 ; $75,15 ; $58,52 ; $84,93 ; $70,80 ; $50,75 ; $72,61 ; $80,70 ; $51,63 ; $102,11 ;280,04;67,06;80,77;35,84;36,98;63,27;71,87;67,42;37,16;67,06;16,82
 $26,59 ; $51,53 ; $75,94 ; $58,07 ; $83,46 ; $69,47 ; $51,96 ; $71,63 ; $80,58 ; $51,53 ; $102,51 ;371,08;82,24;79,95;30,22;38,42;81,75;92,56;84,53;37,30;82,24;21,46
 $26,67 ; $52,22 ; $75,67 ; $58,45 ; $86,01 ; $71,06 ; $53,17 ; $72,16 ; $82,09 ; $52,22 ; $102,61 ;178,88;45,03;43,88;21,16;29,67;45,37;49,74;39,41;42,00;45,03;10,26
 $26,98 ; $52,74 ; $76,26 ; $58,58 ; $87,40 ; $72,54 ; $52,54 ; $73,75 ; $81,32 ; $52,74 ; $102,61 ;299,76;66,94;65,42;31,94;30,94;54,31;104,91;68,32;27,61;66,94;13,20
 $27,56 ; $52,86 ; $74,89 ; $58,29 ; $86,76 ; $72,55 ; $52,29 ; $74,44 ; $80,27 ; $52,86 ; $102,22 ;284,48;68,57;63,59;31,80;28,84;35,87;56,86;47,44;40,68;68,57;11,74
 $28,13 ; $53,38 ; $76,63 ; $59,30 ; $87,96 ; $71,85 ; $52,64 ; $76,01 ; $79,77 ; $53,38 ; $101,77 ;292,13;73,13;53,66;27,72;31,10;82,97;78,75;64,33;31,01;73,13;15,02
 $28,12 ; $54,29 ; $75,24 ; $59,29 ; $89,81 ; $72,72 ; $53,30 ; $75,85 ; $82,21 ; $54,29 ; $101,72 ;278,25;81,28;51,21;29,37;29,53;67,84;77,39;67,18;61,91;81,28;17,80
 $27,97 ; $53,24 ; $75,29 ; $58,68 ; $89,63 ; $73,03 ; $52,99 ; $75,07 ; $80,75 ; $53,24 ; $102,37 ;243,02;61,28;61,61;26,19;26,01;48,16;64,29;42,36;27,16;61,28;17,47
 $28,17 ; $55,02 ; $72,61 ; $58,43 ; $91,09 ; $73,15 ; $54,52 ; $76,28 ; $83,16 ; $55,02 ; $102,50 ;266,48;61,74;83,20;29,67;31,27;57,17;73,88;66,74;31,55;61,74;14,70
 $28,24 ; $54,06 ; $74,54 ; $59,13 ; $91,89 ; $74,28 ; $53,73 ; $76,72 ; $82,51 ; $54,06 ; $102,89 ;159,12;57,85;41,41;24,35;28,54;40,91;53,09;40,17;25,49;57,85;9,98
 $28,33 ; $53,78 ; $74,44 ; $59,27 ; $92,78 ; $75,60 ; $53,47 ; $77,10 ; $83,18 ; $53,78 ; $102,61 ;192,54;53,50;41,30;23,85;26,04;47,56;59,97;41,89;30,39;53,50;9,69
 $28,33 ; $54,37 ; $72,80 ; $58,98 ; $92,55 ; $73,58 ; $54,10 ; $77,59 ; $81,99 ; $54,37 ; $101,91 ;157,85;45,88;49,23;23,92;28,63;55,71;56,34;38,48;34,85;45,88;10,81
 $28,23 ; $54,76 ; $74,26 ; $59,41 ; $93,53 ; $74,94 ; $54,30 ; $79,07 ; $82,23 ; $54,76 ; $101,52 ;189,08;50,37;56,41;27,72;37,51;68,68;50,63;44,73;38,58;50,37;12,90
 $28,74 ; $55,02 ; $75,10 ; $60,56 ; $94,27 ; $74,61 ; $53,06 ; $80,00 ; $81,91 ; $55,02 ; $101,00 ;282,13;55,84;62,09;29,62;28,81;71,60;87,69;51,60;39,86;55,84;18,30
 $27,58 ; $53,93 ; $75,74 ; $57,93 ; $95,15 ; $75,33 ; $52,65 ; $78,40 ; $80,02 ; $53,93 ; $101,17 ;265,18;47,51;64,05;29,84;34,65;67,07;89,52;51,84;46,09;47,51;18,05
 $28,00 ; $53,44 ; $77,16 ; $57,64 ; $94,29 ; $73,62 ; $53,63 ; $78,93 ; $77,81 ; $53,44 ; $99,72 ;329,93;67,38;62,60;22,93;42,52;83,21;107,56;62,58;58,45;67,38;28,04
 $26,43 ; $52,38 ; $73,00 ; $53,76 ; $91,07 ; $70,83 ; $52,95 ; $73,90 ; $75,55 ; $52,38 ; $100,29 ;522,72;125,29;113,97;59,79;109,32;183,43;134,95;138,98;58,83;125,29;16,49
 $26,67 ; $54,69 ; $71,53 ; $53,10 ; $91,51 ; $70,01 ; $54,57 ; $73,18 ; $77,73 ; $54,69 ; $100,11 ;392,13;94,88;72,12;33,99;67,42;109,42;96,86;79,65;40,67;94,88;16,02
 $25,26 ; $53,83 ; $66,48 ; $50,86 ; $87,42 ; $68,09 ; $53,37 ; $69,10 ; $76,87 ; $53,83 ; $101,14 ;437,96;153,13;117,78;92,40;82,36;140,33;127,04;119,10;54,10;153,13;18,77
 $26,38 ; $55,11 ; $67,56 ; $53,96 ; $89,26 ; $68,74 ; $53,15 ; $70,99 ; $77,73 ; $55,11 ; $99,97 ;409,53;146,21;110,67;80,89;65,44;121,42;125,98;107,15;57,03;146,21;23,55
 $27,12 ; $56,82 ; $68,50 ; $54,98 ; $92,95 ; $69,84 ; $54,87 ; $72,42 ; $80,35 ; $56,82 ; $100,17 ;262,79;81,97;80,71;36,64;44,84;63,01;95,65;82,68;38,73;81,97;13,16
 $26,79 ; $56,06 ; $67,18 ; $55,24 ; $92,04 ; $68,21 ; $54,88 ; $71,99 ; $80,65 ; $56,06 ; $101,14 ;393,73;97,49;108,64;46,90;60,75;95,77;134,69;84,79;38,97;97,49;21,44
 $26,00 ; $54,79 ; $63,91 ; $53,31 ; $89,64 ; $64,08 ; $54,11 ; $69,73 ; $79,63 ; $54,79 ; $101,31 ;242,02;75,01;73,39;33,70;33,69;69,08;66,03;49,44;26,42;75,01;9,52
 $26,97 ; $56,26 ; $66,11 ; $54,61 ; $95,87 ; $67,94 ; $55,59 ; $72,54 ; $81,78 ; $56,26 ; $101,78 ;247,69;79,88;92,64;32,94;52,60;71,30;76,95;69,87;36,35;79,88;15,65
 $25,11 ; $54,72 ; $64,07 ; $51,91 ; $90,56 ; $64,60 ; $56,46 ; $68,03 ; $81,75 ; $54,72 ; $102,82 ;397,68;104,14;103,09;44,87;60,59;78,74;84,60;87,70;55,40;104,14;30,50
 $24,24 ; $54,50 ; $62,09 ; $51,32 ; $88,96 ; $64,57 ; $56,82 ; $67,05 ; $80,33 ; $54,50 ; $102,56 ;413,85;126,13;98,08;49,78;72,56;81,53;108,73;89,33;39,33;126,13;25,68
 $22,79 ; $50,18 ; $56,11 ; $48,60 ; $82,68 ; $59,20 ; $53,81 ; $62,25 ; $74,69 ; $50,18 ; $103,22 ;546,88;182,86;168,80;90,36;124,11;157,61;156,44;113,47;64,64;182,86;33,96
 $23,59 ; $50,57 ; $57,05 ; $50,10 ; $85,25 ; $61,40 ; $52,83 ; $63,77 ; $74,71 ; $50,57 ; $103,81 ;354,24;110,12;88,52;52,82;64,63;93,46;104,32;63,25;47,13;110,12;21,00
 $24,26 ; $51,26 ; $59,87 ; $51,28 ; $85,96 ; $61,50 ; $52,77 ; $65,15 ; $74,58 ; $51,26 ; $104,40 ;248,41;76,39;82,83;35,63;57,79;77,83;81,92;70,61;45,94;76,39;42,53
 $24,50 ; $51,63 ; $62,01 ; $52,27 ; $87,81 ; $63,54 ; $53,23 ; $67,87 ; $77,93 ; $51,63 ; $104,17 ;291,86;97,26;88,23;40,44;52,49;57,58;101,12;65,89;51,07;97,26;33,48
 $26,00 ; $52,45 ; $63,84 ; $53,51 ; $90,08 ; $65,35 ; $53,14 ; $70,19 ; $79,66 ; $52,45 ; $103,43 ;296,58;54,89;60,22;49,67;45,99;54,81;103,74;77,57;31,13;54,89;24,00
 $26,00 ; $51,73 ; $62,93 ; $53,12 ; $88,92 ; $65,93 ; $53,32 ; $70,07 ; $80,64 ; $51,73 ; $103,83 ;212,20;70,52;64,31;23,30;37,22;48,67;71,16;52,58;25,02;70,52;16,73
 $26,05 ; $53,22 ; $64,89 ; $53,51 ; $90,75 ; $66,67 ; $54,55 ; $71,88 ; $82,97 ; $53,22 ; $104,10 ;265,11;68,73;68,59;39,28;52,66;63,22;84,02;68,13;63,90;68,73;29,64
 $25,67 ; $53,79 ; $62,94 ; $52,70 ; $89,94 ; $67,99 ; $55,68 ; $73,07 ; $84,12 ; $53,79 ; $104,61 ;254,85;69,18;49,66;23,83;41,14;52,62;70,13;63,90;49,69;69,18;23,64
 $26,43 ; $54,35 ; $66,12 ; $54,48 ; $92,85 ; $69,62 ; $55,71 ; $75,69 ; $85,05 ; $54,35 ; $104,44 ;228,19;53,40;55,81;34,11;35,72;42,86;71,27;45,63;35,92;53,40;27,16
 $26,46 ; $54,43 ; $65,76 ; $55,78 ; $92,55 ; $70,64 ; $57,05 ; $76,21 ; $84,99 ; $54,43 ; $104,60 ;124,34;70,78;40,47;36,92;28,10;40,17;63,20;33,51;30,51;70,78;20,80
 $26,69 ; $54,24 ; $66,45 ; $54,98 ; $92,95 ; $71,34 ; $57,13 ; $76,41 ; $83,97 ; $54,24 ; $103,57 ;234,53;60,37;68,33;35,62;45,03;65,85;64,97;51,19;56,27;60,37;21,98
 $25,97 ; $53,71 ; $63,90 ; $54,73 ; $89,40 ; $69,81 ; $57,55 ; $74,27 ; $84,10 ; $53,71 ; $104,74 ;278,09;58,49;97,35;36,91;66,43;69,29;68,83;84,89;42,21;58,49;18,06
 $26,63 ; $54,70 ; $65,51 ; $55,40 ; $91,99 ; $72,99 ; $58,19 ; $73,99 ; $86,01 ; $54,70 ; $105,09 ;246,37;62,79;62,18;31,89;48,28;82,14;80,32;81,22;41,89;62,79;21,67
 $25,34 ; $55,08 ; $65,47 ; $54,33 ; $90,62 ; $73,32 ; $58,49 ; $72,95 ; $85,88 ; $55,08 ; $106,34 ;381,64;75,00;74,11;37,94;49,18;98,72;92,35;60,99;51,96;75,00;23,72
 $25,71 ; $56,11 ; $66,12 ; $55,50 ; $91,75 ; $74,00 ; $58,17 ; $75,03 ; $87,04 ; $56,11 ; $106,67 ;299,48;63,90;52,63;33,44;45,67;76,63;93,37;53,62;42,28;63,90;25,39
 $26,60 ; $55,59 ; $67,61 ; $57,82 ; $92,00 ; $75,92 ; $58,10 ; $77,01 ; $87,95 ; $55,59 ; $105,73 ;246,99;66,10;63,33;40,70;38,96;56,46;98,79;55,42;44,64;66,10;26,00
 $27,14 ; $56,20 ; $67,56 ; $58,12 ; $89,81 ; $76,81 ; $58,21 ; $77,28 ; $88,17 ; $56,20 ; $105,27 ;296,02;39,34;60,86;23,59;38,80;45,62;77,91;53,32;33,89;39,34;16,44
 $27,34 ; $56,87 ; $67,19 ; $57,82 ; $85,92 ; $77,82 ; $57,29 ; $78,31 ; $85,64 ; $56,87 ; $105,32 ;207,45;39,19;37,13;13,45;92,46;43,26;66,18;38,03;35,28;39,19;14,66
 $27,70 ; $56,98 ; $66,22 ; $57,07 ; $89,01 ; $78,56 ; $58,10 ; $77,52 ; $86,85 ; $56,98 ; $105,91 ;219,14;59,46;64,30;27,57;91,32;58,15;73,95;52,77;32,15;59,46;12,97
 $28,07 ; $57,41 ; $64,25 ; $56,67 ; $90,16 ; $78,84 ; $58,30 ; $78,40 ; $87,66 ; $57,41 ; $105,48 ;253,98;62,90;97,12;33,01;83,16;83,18;108,74;64,49;38,00;62,90;18,96
 $27,48 ; $57,31 ; $64,05 ; $55,14 ; $88,91 ; $76,18 ; $57,96 ; $76,27 ; $86,88 ; $57,31 ; $106,12 ;265,44;75,19;72,70;43,70;89,73;86,19;88,14;78,38;31,57;75,19;18,60
 $26,88 ; $57,75 ; $63,75 ; $54,65 ; $88,44 ; $75,38 ; $58,78 ; $74,82 ; $87,98 ; $57,75 ; $106,73 ;263,17;67,57;53,30;29,40;69,56;87,67;76,32;67,05;24,27;67,57;19,77
 $26,86 ; $57,52 ; $61,62 ; $53,79 ; $89,56 ; $73,30 ; $59,83 ; $73,78 ; $88,13 ; $57,52 ; $107,37 ;189,49;55,65;70,32;23,71;55,00;68,87;53,76;58,70;24,31;55,65;17,28
 $26,01 ; $55,61 ; $58,77 ; $52,75 ; $87,28 ; $71,89 ; $58,25 ; $72,05 ; $86,87 ; $55,61 ; $108,91 ;164,78;48,72;66,95;24,03;60,27;63,99;71,60;49,34;28,59;48,72;21,77
 $27,12 ; $58,63 ; $61,27 ; $57,53 ; $91,01 ; $76,19 ; $60,06 ; $75,72 ; $89,15 ; $58,63 ; $109,23 ;225,74;88,31;96,82;93,76;87,64;73,11;115,12;67,43;37,41;88,31;42,24
 $27,24 ; $59,09 ; $61,01 ; $57,87 ; $91,25 ; $76,10 ; $60,81 ; $75,41 ; $89,80 ; $59,09 ; $109,32 ;168,96;65,66;53,29;37,11;36,76;50,92;74,54;40,02;23,57;65,66;16,44
 $27,22 ; $58,72 ; $63,56 ; $57,67 ; $93,73 ; $78,31 ; $60,99 ; $77,08 ; $89,72 ; $58,72 ; $109,54 ;261,24;69,36;77,16;34,13;38,10;72,51;90,40;57,42;40,44;69,36;21,03
 $27,60 ; $58,07 ; $63,71 ; $58,50 ; $92,64 ; $78,04 ; $59,63 ; $77,42 ; $87,31 ; $58,07 ; $110,02 ;263,76;65,27;64,59;22,95;48,73;55,03;69,19;43,64;44,23;65,27;21,85
 $28,16 ; $59,40 ; $63,09 ; $58,92 ; $93,75 ; $79,95 ; $60,68 ; $77,51 ; $89,75 ; $59,40 ; $109,59 ;170,16;47,58;41,37;18,58;25,79;33,34;71,05;34,04;36,32;47,58;17,58
 $28,32 ; $59,83 ; $64,44 ; $58,37 ; $92,44 ; $81,14 ; $60,61 ; $78,39 ; $89,78 ; $59,83 ; $109,05 ;160,77;59,87;48,65;37,80;51,29;45,92;69,63;45,85;27,27;59,87;18,57
 $27,94 ; $59,94 ; $62,76 ; $58,41 ; $91,76 ; $80,69 ; $60,37 ; $77,45 ; $87,92 ; $59,94 ; $109,62 ;186,42;46,75;56,51;23,82;39,14;40,70;67,12;38,05;27,54;46,75;11,26
 $28,69 ; $60,37 ; $62,45 ; $59,06 ; $92,07 ; $82,59 ; $59,98 ; $78,50 ; $88,79 ; $60,37 ; $109,44 ;176,19;49,37;44,74;24,65;27,74;42,73;71,56;42,33;22,66;49,37;12,40
 $27,60 ; $59,23 ; $60,40 ; $57,33 ; $91,05 ; $79,05 ; $60,15 ; $75,82 ; $89,70 ; $59,23 ; $111,15 ;305,18;91,59;81,25;32,29;54,78;83,91;104,43;56,60;39,76;91,59;37,13
 $27,17 ; $59,32 ; $59,10 ; $57,73 ; $91,40 ; $78,49 ; $60,87 ; $75,42 ; $91,45 ; $59,32 ; $112,13 ;341,76;98,64;107,24;55,41;59,50;99,12;107,44;59,43;37,39;98,64;31,80
 $26,57 ; $60,21 ; $57,02 ; $56,62 ; $90,55 ; $78,28 ; $61,38 ; $74,30 ; $91,50 ; $60,21 ; $113,61 ;330,34;74,99;95,72;53,50;58,36;87,08;92,63;65,15;32,00;74,99;29,09
 $26,10 ; $59,62 ; $55,96 ; $54,95 ; $88,76 ; $77,17 ; $61,48 ; $73,12 ; $91,08 ; $59,62 ; $113,78 ;253,97;63,30;69,20;22,97;33,13;52,61;80,38;48,53;25,92;63,30;25,86
 $26,92 ; $60,72 ; $57,48 ; $56,69 ; $90,60 ; $79,53 ; $62,58 ; $75,76 ; $92,46 ; $60,72 ; $114,01 ;230,76;57,68;63,69;25,99;32,00;45,73;77,79;54,06;22,03;57,68;21,24
 $27,44 ; $61,44 ; $59,03 ; $57,24 ; $91,27 ; $81,50 ; $62,81 ; $77,20 ; $93,68 ; $61,44 ; $113,40 ;208,25;57,38;51,93;21,53;36,82;38,76;79,18;43,26;31,59;57,38;22,91
 $28,49 ; $61,04 ; $61,08 ; $59,14 ; $91,51 ; $81,16 ; $62,94 ; $79,35 ; $91,54 ; $61,04 ; $110,50 ;327,75;112,62;106,35;33,44;43,27;61,18;107,28;59,86;48,67;112,62;47,15
 $28,08 ; $60,32 ; $61,28 ; $58,34 ; $92,00 ; $80,26 ; $63,87 ; $77,81 ; $93,57 ; $60,32 ; $112,00 ;261,45;64,04;102,96;21,36;30,11;47,52;84,88;37,92;39,66;64,04;35,92
 $28,07 ; $61,12 ; $59,63 ; $57,71 ; $89,33 ; $79,69 ; $64,70 ; $77,52 ; $93,19 ; $61,12 ; $112,38 ;278,48;73,58;69,78;26,93;43,28;59,48;82,03;56,20;35,44;73,58;40,90
 $27,46 ; $61,40 ; $57,38 ; $56,31 ; $90,13 ; $80,55 ; $64,77 ; $75,61 ; $93,59 ; $61,40 ; $113,81 ;288,97;79,62;87,82;37,45;57,58;70,29;108,13;60,51;51,56;79,62;26,11
 $27,65 ; $60,84 ; $57,89 ; $57,35 ; $89,94 ; $81,57 ; $63,92 ; $76,80 ; $93,26 ; $60,84 ; $111,90 ;277,72;60,12;74,98;42,62;45,40;60,83;76,00;50,73;28,65;60,12;23,45
 $28,11 ; $60,74 ; $57,03 ; $57,51 ; $91,76 ; $80,91 ; $63,82 ; $76,94 ; $94,67 ; $60,74 ; $111,95 ;222,55;52,72;58,01;19,66;40,72;39,50;69,93;40,32;32,73;52,72;16,92
 $28,64 ; $61,09 ; $59,52 ; $58,26 ; $92,06 ; $82,92 ; $64,16 ; $78,60 ; $94,09 ; $61,09 ; $111,58 ;188,27;46,69;68,91;19,78;31,77;40,00;68,62;43,32;28,11;46,69;13,42
 $29,12 ; $61,15 ; $59,28 ; $59,01 ; $94,87 ; $84,67 ; $64,09 ; $80,22 ; $94,19 ; $61,15 ; $112,13 ;248,77;51,30;69,07;25,70;55,23;48,92;97,46;58,13;37,10;51,30;27,25
 $29,84 ; $60,76 ; $60,69 ; $60,17 ; $95,13 ; $86,12 ; $61,75 ; $81,76 ; $91,16 ; $60,76 ; $110,24 ;232,53;59,57;80,54;17,90;51,80;46,95;102,91;59,09;43,29;59,57;24,27
 $29,75 ; $61,33 ; $60,08 ; $60,36 ; $97,46 ; $87,24 ; $62,85 ; $82,31 ; $92,69 ; $61,33 ; $111,18 ;184,55;37,89;55,12;21,42;44,31;33,37;66,04;37,49;27,35;37,89;13,78
 $29,92 ; $61,30 ; $59,83 ; $59,33 ; $98,26 ; $86,59 ; $63,00 ; $81,67 ; $91,69 ; $61,30 ; $111,69 ;175,35;42,24;72,42;18,21;48,85;41,20;79,92;40,34;31,85;42,24;19,30
 $30,15 ; $62,00 ; $58,89 ; $60,04 ; $99,49 ; $88,16 ; $63,05 ; $82,04 ; $93,20 ; $62,00 ; $111,57 ;134,08;26,25;43,24;15,63;31,53;32,13;54,21;30,09;26,80;26,25;12,39
 $30,36 ; $62,67 ; $59,72 ; $60,10 ; $100,41 ; $87,76 ; $63,21 ; $81,11 ; $92,98 ; $62,67 ; $110,97 ;247,25;80,00;77,28;32,97;33,58;46,76;72,38;81,71;45,81;80,00;21,24
 $30,71 ; $62,78 ; $60,31 ; $60,44 ; $100,88 ; $89,49 ; $63,37 ; $81,71 ; $90,60 ; $62,78 ; $111,16 ;194,66;42,29;63,89;21,94;33,61;42,01;80,01;51,85;44,69;42,29;16,13
 $30,68 ; $63,10 ; $61,36 ; $60,88 ; $102,70 ; $90,95 ; $64,59 ; $81,44 ; $92,00 ; $63,10 ; $110,28 ;245,94;47,81;76,09;24,14;32,80;42,36;90,20;35,25;39,53;47,81;15,37
 $30,77 ; $63,25 ; $61,68 ; $61,16 ; $102,94 ; $91,91 ; $64,38 ; $81,90 ; $92,47 ; $63,25 ; $110,69 ;85,95;26,66;39,39;14,20;13,36;24,01;37,95;19,34;16,31;26,66;5,82
 $30,75 ; $62,38 ; $60,40 ; $59,72 ; $101,24 ; $92,34 ; $63,94 ; $82,85 ; $92,71 ; $62,38 ; $111,47 ;114,44;49,62;61,78;25,48;24,85;40,71;59,84;47,50;32,15;49,62;12,70
 $30,69 ; $62,66 ; $59,81 ; $59,58 ; $102,80 ; $94,35 ; $64,40 ; $82,75 ; $92,92 ; $62,66 ; $111,25 ;196,15;63,87;77,50;53,53;36,23;42,57;58,48;59,78;32,00;63,87;16,10
 $31,03 ; $63,82 ; $59,12 ; $61,14 ; $104,49 ; $97,12 ; $66,76 ; $84,41 ; $95,19 ; $63,82 ; $111,30 ;178,27;50,94;57,06;27,15;34,45;39,46;62,57;46,06;33,65;50,94;12,61
 $30,39 ; $63,59 ; $56,62 ; $59,74 ; $102,46 ; $97,43 ; $68,36 ; $83,55 ; $95,96 ; $63,59 ; $112,44 ;170,55;45,87;65,69;15,25;40,54;35,96;61,43;44,48;25,03;45,87;13,97
 $29,96 ; $63,18 ; $53,44 ; $57,63 ; $99,14 ; $95,33 ; $68,98 ; $81,11 ; $94,57 ; $63,18 ; $114,04 ;232,98;54,04;107,50;34,63;51,53;67,26;74,38;72,33;30,49;54,04;22,33
 $30,92 ; $64,26 ; $53,98 ; $60,09 ; $103,04 ; $99,69 ; $68,59 ; $83,65 ; $96,17 ; $64,26 ; $113,26 ;235,13;81,48;104,57;63,11;47,70;53,49;76,15;63,12;35,19;81,48;25,19
 $31,17 ; $64,79 ; $54,58 ; $60,51 ; $103,93 ; $101,96 ; $70,39 ; $84,64 ; $100,28 ; $64,79 ; $113,30 ;117,38;37,62;70,17;19,43;28,89;35,39;50,58;35,73;29,48;37,62;8,95
 $30,77 ; $64,65 ; $54,14 ; $60,34 ; $103,43 ; $99,44 ; $70,33 ; $83,59 ; $100,21 ; $64,65 ; $114,25 ;164,00;35,29;55,62;19,81;29,39;44,99;52,33;37,73;28,00;35,29;18,92
 $26,59 ; $57,99 ; $45,27 ; $52,72 ; $92,61 ; $88,37 ; $62,18 ; $73,08 ; $87,40 ; $57,99 ; $117,26 ;612,62;161,58;254,23;95,06;99,80;169,51;207,31;204,96;82,45;161,58;58,36
 $25,55 ; $61,54 ; $42,50 ; $53,53 ; $97,15 ; $88,91 ; $67,11 ; $72,45 ; $91,47 ; $61,54 ; $120,40 ;798,72;129,80;200,48;92,41;117,92;158,15;205,92;200,43;83,49;129,80;55,37
 $23,05 ; $56,61 ; $32,19 ; $46,51 ; $90,66 ; $84,19 ; $57,67 ; $62,94 ; $81,15 ; $56,61 ; $117,35 ;746,44;116,43;231,10;73,39;121,25;162,35;175,79;113,88;71,28;116,43;72,54
 $18,91 ; $50,40 ; $25,86 ; $40,68 ; $79,09 ; $71,42 ; $47,82 ; $51,40 ; $60,92 ; $50,40 ; $119,14 ;641,32;148,90;245,70;59,58;127,42;251,64;170,87;108,24;53,34;148,90;42,25
 $21,01 ; $53,51 ; $28,33 ; $44,26 ; $84,99 ; $78,59 ; $55,68 ; $58,89 ; $70,20 ; $53,51 ; $120,98 ;705,11;137,15;228,53;71,59;99,13;166,31;146,08;136,05;61,91;137,15;31,66
 $19,64 ; $55,35 ; $29,83 ; $42,61 ; $86,78 ; $77,12 ; $51,79 ; $56,34 ; $64,24 ; $55,35 ; $121,94 ;366,19;73,16;237,14;49,44;68,72;109,02;131,17;84,23;51,03;73,16;28,49
 $23,38 ; $58,13 ; $33,91 ; $51,42 ; $94,83 ; $85,20 ; $60,83 ; $63,22 ; $78,88 ; $58,13 ; $120,96 ;367,07;72,05;222,62;68,84;75,53;73,48;121,58;70,82;50,39;72,05;21,92
 $22,39 ; $60,50 ; $33,95 ; $50,26 ; $100,78 ; $89,26 ; $60,53 ; $63,10 ; $76,09 ; $60,50 ; $121,75 ;382,86;66,80;184,78;40,35;56,06;67,36;64,84;73,54;43,98;66,80;11,70
 $21,74 ; $58,71 ; $34,62 ; $49,86 ; $100,29 ; $88,63 ; $58,32 ; $61,57 ; $72,77 ; $58,71 ; $122,14 ;282,39;67,53;227,45;25,14;55,42;57,42;74,07;50,59;33,69;67,53;15,41
 $22,06 ; $57,62 ; $35,85 ; $50,79 ; $97,83 ; $88,90 ; $55,88 ; $62,27 ; $73,47 ; $57,62 ; $121,71 ;319,71;70,02;159,49;27,96;52,31;59,26;71,56;55,34;33,24;70,02;21,69
 $22,29 ; $58,12 ; $38,78 ; $52,48 ; $99,41 ; $94,78 ; $56,16 ; $63,11 ; $75,09 ; $58,12 ; $121,53 ;280,54;55,88;133,28;21,24;49,76;46,02;82,20;41,09;32,06;55,88;17,09
 $21,05 ; $57,39 ; $35,99 ; $50,87 ; $100,42 ; $93,47 ; $54,81 ; $59,46 ; $68,96 ; $57,39 ; $121,95 ;376,49;73,92;143,78;24,14;73,09;70,11;114,27;67,77;49,32;73,92;15,54
 $21,92 ; $57,47 ; $38,48 ; $52,93 ; $99,62 ; $96,49 ; $56,48 ; $63,84 ; $73,75 ; $57,47 ; $121,88 ;273,62;59,61;137,98;22,08;53,67;48,63;79,96;58,00;28,59;59,61;10,80
 $23,41 ; $59,23 ; $38,76 ; $55,45 ; $103,01 ; $97,97 ; $59,69 ; $67,67 ; $77,42 ; $59,23 ; $121,94 ;415,38;44,48;135,80;23,93;56,98;60,77;69,80;72,98;31,82;44,48;12,88
 $26,24 ; $60,42 ; $44,84 ; $59,83 ; $103,21 ; $101,41 ; $61,19 ; $74,79 ; $84,59 ; $60,42 ; $119,77 ;413,95;49,57;153,70;22,42;57,04;53,50;85,35;77,21;38,92;49,57;32,82
 $23,83 ; $58,12 ; $39,82 ; $55,04 ; $97,60 ; $99,41 ; $58,67 ; $68,82 ; $80,77 ; $58,12 ; $121,39 ;638,63;68,88;220,96;59,48;87,18;69,01;104,74;105,77;49,52;68,88;20,84
 $23,98 ; $59,62 ; $39,57 ; $56,18 ; $100,75 ; $102,24 ; $57,49 ; $69,23 ; $79,75 ; $59,62 ; $121,54 ;408,11;47,30;133,23;31,15;56,06;60,04;88,46;72,18;35,55;47,30;13,94
 $22,58 ; $57,13 ; $36,51 ; $54,49 ; $97,51 ; $101,54 ; $55,18 ; $66,14 ; $76,49 ; $57,13 ; $121,97 ;414,81;57,87;124,21;25,52;55,11;61,95;90,25;66,70;29,54;57,87;11,66
 $22,97 ; $58,99 ; $37,34 ; $57,53 ; $101,60 ; $105,27 ; $57,90 ; $68,98 ; $80,33 ; $58,99 ; $121,72 ;237,94;31,15;85,67;25,06;34,04;37,94;63,76;37,80;22,84;31,15;44,23
 $23,46 ; $60,29 ; $35,54 ; $57,99 ; $100,71 ; $108,08 ; $57,77 ; $68,01 ; $78,51 ; $60,29 ; $121,89 ;321,78;49,33;119,74;44,76;38,93;38,84;70,36;51,54;20,32;49,33;12,55
 $23,95 ; $61,59 ; $36,69 ; $61,16 ; $105,89 ; $106,83 ; $60,21 ; $72,00 ; $79,06 ; $61,59 ; $122,03 ;412,30;54,17;133,86;36,20;44,49;56,30;103,08;64,35;22,65;54,17;10,17
 $24,27 ; $62,13 ; $37,51 ; $61,47 ; $105,10 ; $105,20 ; $60,28 ; $71,84 ; $78,51 ; $62,13 ; $122,34 ;220,67;37,80;115,88;20,40;33,01;48,02;78,84;43,75;17,49;37,80;13,73
 $24,03 ; $62,70 ; $36,03 ; $60,36 ; $105,53 ; $110,43 ; $60,83 ; $71,73 ; $82,06 ; $62,70 ; $122,80 ;215,31;42,10;110,04;24,45;29,81;47,18;64,24;38,05;24,54;42,10;38,02
 $24,84 ; $63,51 ; $37,18 ; $61,71 ; $106,41 ; $113,74 ; $61,49 ; $75,13 ; $82,82 ; $63,51 ; $122,53 ;201,57;41,53;110,44;30,29;27,89;46,47;67,72;46,64;18,72;41,53;17,50
 $25,18 ; $64,16 ; $38,19 ; $62,63 ; $106,80 ; $113,88 ; $60,38 ; $77,53 ; $81,68 ; $64,16 ; $121,43 ;240,36;30,60;107,19;22,76;30,10;34,53;77,83;64,56;17,49;30,60;23,17
 $24,31 ; $64,30 ; $36,03 ; $61,89 ; $106,82 ; $117,94 ; $59,42 ; $76,45 ; $81,31 ; $64,30 ; $122,12 ;221,81;31,86;79,64;12,39;26,41;29,68;53,05;34,98;16,95;31,86;14,69
 $25,36 ; $65,77 ; $36,44 ; $63,97 ; $108,00 ; $123,16 ; $59,07 ; $78,79 ; $83,05 ; $65,77 ; $121,38 ;252,04;32,39;99,55;14,86;31,32;41,35;58,87;49,01;19,13;32,39;15,51
 $25,29 ; $65,54 ; $34,87 ; $64,44 ; $105,70 ; $118,12 ; $59,37 ; $77,84 ; $82,42 ; $65,54 ; $121,47 ;350,82;70,45;134,53;51,99;54,20;100,75;79,27;81,14;24,37;70,45;24,17
 $24,71 ; $64,65 ; $32,62 ; $65,07 ; $104,59 ; $112,96 ; $58,93 ; $77,61 ; $80,58 ; $64,65 ; $122,01 ;260,27;50,44;136,47;31,68;35,76;76,85;60,66;63,75;18,92;50,44;15,27
 $24,68 ; $63,69 ; $33,61 ; $65,72 ; $105,54 ; $111,76 ; $58,52 ; $78,78 ; $80,79 ; $63,69 ; $121,70 ;267,76;39,43;129,51;40,72;34,80;67,36;60,96;66,08;23,58;39,43;17,25
 $23,49 ; $63,04 ; $30,18 ; $62,46 ; $103,02 ; $113,94 ; $58,72 ; $76,49 ; $78,61 ; $63,04 ; $122,08 ;311,24;42,06;141,47;36,72;39,49;69,20;63,49;66,48;25,43;42,06;17,37
 $24,30 ; $64,10 ; $29,31 ; $63,30 ; $104,16 ; $114,94 ; $60,69 ; $77,61 ; $82,68 ; $64,10 ; $121,69 ;305,14;39,22;131,62;44,62;37,18;60,68;61,42;61,09;49,99;39,22;27,01
 $25,23 ; $65,74 ; $30,79 ; $66,51 ; $108,36 ; $120,18 ; $63,48 ; $80,71 ; $83,65 ; $65,74 ; $121,01 ;305,21;33,67;139,46;43,15;33,73;38,25;61,73;60,40;50,59;33,67;28,36
 $24,99 ; $66,17 ; $30,19 ; $66,27 ; $107,92 ; $121,12 ; $64,00 ; $81,60 ; $81,66 ; $66,17 ; $121,25 ;231,99;36,08;105,47;26,07;31,44;38,00;46,35;51,18;25,68;36,08;21,29
 $25,25 ; $65,39 ; $30,39 ; $66,00 ; $107,82 ; $118,44 ; $64,75 ; $81,17 ; $81,01 ; $65,39 ; $120,38 ;237,02;35,28;130,57;21,14;32,98;33,53;46,49;41,25;22,64;35,28;27,55
 $23,86 ; $62,26 ; $28,72 ; $63,18 ; $101,66 ; $110,86 ; $62,38 ; $75,87 ; $77,51 ; $62,26 ; $120,06 ;315,70;44,70;167,65;34,67;53,16;57,50;69,50;66,34;25,76;44,70;28,78
 $24,96 ; $65,09 ; $28,93 ; $68,00 ; $109,92 ; $121,58 ; $64,13 ; $81,34 ; $80,96 ; $65,09 ; $120,50 ;346,22;83,45;185,23;42,85;70,22;58,57;73,19;75,49;31,27;83,45;47,08
 $27,03 ; $67,53 ; $33,88 ; $69,01 ; $112,12 ; $121,20 ; $66,09 ; $85,76 ; $85,94 ; $67,53 ; $119,98 ;412,89;55,76;297,00;43,74;57,32;51,73;87,99;75,49;40,95;55,76;30,78
 $27,18 ; $66,50 ; $35,81 ; $69,76 ; $108,80 ; $120,11 ; $63,54 ; $86,66 ; $84,92 ; $66,50 ; $120,50 ;286,64;42,20;180,11;25,14;44,32;28,16;57,69;52,79;28,87;42,20;41,98
 $28,47 ; $66,92 ; $38,91 ; $71,71 ; $109,44 ; $122,66 ; $63,76 ; $88,82 ; $84,90 ; $66,92 ; $120,47 ;182,52;20,35;145,77;16,86;33,46;21,32;36,89;39,70;14,25;20,35;11,96
 $28,98 ; $67,63 ; $40,63 ; $71,78 ; $112,54 ; $126,04 ; $62,41 ; $89,21 ; $86,24 ; $67,63 ; $119,32 ;283,68;57,10;201,67;26,96;51,53;47,13;60,59;61,48;21,93;57,10;31,02
 $28,46 ; $67,32 ; $41,12 ; $70,90 ; $111,68 ; $124,30 ; $62,24 ; $88,77 ; $84,05 ; $67,32 ; $120,15 ;200,87;37,70;173,42;21,27;31,77;28,50;48,16;42,88;25,91;37,70;19,88
 $28,49 ; $67,93 ; $39,40 ; $72,21 ; $113,00 ; $128,25 ; $62,29 ; $88,84 ; $84,08 ; $67,93 ; $119,60 ;222,52;34,94;152,58;22,27;30,93;29,72;60,07;38,67;19,13;34,94;17,05
 $28,95 ; $66,72 ; $38,12 ; $71,58 ; $111,47 ; $129,06 ; $61,21 ; $88,00 ; $84,29 ; $66,72 ; $119,80 ;188,02;23,58;103,55;13,84;24,83;22,62;35,45;31,83;13,83;23,58;11,12
 $29,48 ; $67,45 ; $37,90 ; $72,39 ; $113,44 ; $130,02 ; $62,70 ; $88,55 ; $85,65 ; $67,45 ; $119,95 ;98,82;24,73;84,05;12,17;18,56;17,93;28,43;23,36;18,56;24,73;11,01
 $30,92 ; $66,90 ; $41,42 ; $76,51 ; $117,39 ; $130,76 ; $62,33 ; $89,61 ; $83,48 ; $66,90 ; $118,24 ;293,17;67,51;181,64;64,56;63,08;46,28;62,22;71,26;59,74;67,51;35,40
 $30,94 ; $65,63 ; $42,75 ; $75,34 ; $116,97 ; $127,42 ; $62,99 ; $88,83 ; $84,59 ; $65,63 ; $118,45 ;290,56;53,88;184,11;35,34;37,04;38,41;60,78;54,85;29,02;53,88;33,91
 $30,34 ; $65,07 ; $42,07 ; $74,38 ; $117,59 ; $132,83 ; $62,84 ; $88,51 ; $85,97 ; $65,07 ; $118,58 ;234,88;35,62;108,39;22,51;23,66;21,77;48,26;36,64;21,37;35,62;17,27
 $28,95 ; $64,09 ; $39,32 ; $70,64 ; $115,03 ; $128,93 ; $62,15 ; $84,77 ; $85,28 ; $64,09 ; $118,64 ;349,13;83,92;178,50;47,47;48,65;43,24;74,92;90,69;25,18;83,92;29,06
 $30,89 ; $65,76 ; $42,56 ; $73,53 ; $115,67 ; $135,32 ; $63,59 ; $88,99 ; $88,24 ; $65,76 ; $117,83 ;243,93;52,29;147,93;35,11;46,91;24,48;47,85;46,02;54,17;52,29;18,74
 $31,52 ; $65,69 ; $44,67 ; $74,34 ; $117,28 ; $138,59 ; $62,62 ; $90,30 ; $89,54 ; $65,69 ; $117,79 ;191,41;43,33;141,33;28,99;28,12;23,03;45,59;44,98;19,22;43,33;28,80
 $32,41 ; $64,94 ; $46,18 ; $75,05 ; $114,41 ; $136,05 ; $61,41 ; $90,98 ; $88,71 ; $64,94 ; $116,54 ;231,49;35,85;130,71;23,84;31,70;23,82;42,73;30,64;20,06;35,85;24,02
 $32,31 ; $63,30 ; $48,15 ; $73,55 ; $112,61 ; $130,69 ; $58,36 ; $90,61 ; $87,35 ; $63,30 ; $115,76 ;421,56;65,77;208,98;42,82;54,97;62,38;77,43;82,03;36,46;65,77;82,26
 $33,71 ; $64,70 ; $52,95 ; $75,31 ; $113,02 ; $128,95 ; $59,68 ; $93,44 ; $86,33 ; $64,70 ; $114,42 ;400,73;85,35;223,20;54,02;69,85;101,25;92,18;91,07;69,47;85,35;45,23
 $34,77 ; $66,15 ; $53,57 ; $78,69 ; $114,60 ; $131,41 ; $62,41 ; $96,77 ; $90,87 ; $66,15 ; $113,88 ;400,06;74,94;204,25;39,45;49,36;51,25;62,64;68,87;27,75;74,94;35,04
 $34,22 ; $66,38 ; $49,53 ; $78,00 ; $115,07 ; $129,60 ; $62,20 ; $96,47 ; $90,04 ; $66,38 ; $113,03 ;384,52;69,49;185,35;32,27;44,41;46,94;78,21;74,10;32,86;69,49;35,95
 $34,37 ; $68,58 ; $50,43 ; $79,69 ; $117,02 ; $132,67 ; $63,47 ; $98,32 ; $92,74 ; $68,58 ; $113,58 ;316,28;73,41;198,70;38,72;47,77;40,29;61,45;76,77;21,67;73,41;43,84
 $34,47 ; $67,98 ; $50,31 ; $79,49 ; $116,39 ; $135,48 ; $63,98 ; $98,78 ; $93,58 ; $67,98 ; $113,36 ;229,62;65,33;106,91;27,31;31,01;30,17;49,10;46,37;37,51;65,33;29,24
 $35,15 ; $68,92 ; $48,19 ; $80,05 ; $117,95 ; $141,77 ; $64,82 ; $100,51 ; $93,96 ; $68,92 ; $113,61 ;211,85;77,42;132,33;34,52;28,36;28,91;49,00;46,67;60,23;77,42;37,25
 $35,40 ; $69,81 ; $48,40 ; $82,66 ; $121,48 ; $143,30 ; $67,21 ; $101,14 ; $96,32 ; $69,81 ; $114,29 ;223,05;49,71;128,83;25,96;36,91;30,58;46,91;50,50;32,72;49,71;35,30
 $35,38 ; $69,57 ; $47,54 ; $82,91 ; $123,68 ; $142,70 ; $66,58 ; $101,56 ; $98,20 ; $69,57 ; $114,51 ;215,16;54,73;127,18;29,52;39,80;24,96;52,57;53,02;24,86;54,73;33,37
 $36,26 ; $69,58 ; $49,39 ; $83,04 ; $121,33 ; $139,70 ; $66,72 ; $101,93 ; $99,19 ; $69,58 ; $113,99 ;222,89;46,74;134,30;23,40;36,03;26,62;44,19;50,37;23,38;46,74;34,27
 $37,78 ; $70,64 ; $53,63 ; $87,87 ; $124,07 ; $139,03 ; $66,04 ; $105,35 ; $98,59 ; $70,64 ; $114,49 ;247,16;52,58;150,59;36,50;69,77;37,75;54,98;68,73;71,49;52,58;43,78
 $37,88 ; $70,91 ; $53,49 ; $87,91 ; $123,45 ; $135,98 ; $65,91 ; $104,73 ; $97,33 ; $70,91 ; $114,15 ;348,71;66,34;200,80;44,37;48,97;58,09;65,67;87,56;41,20;66,34;43,19
 $37,58 ; $71,02 ; $52,16 ; $86,60 ; $124,36 ; $136,19 ; $66,16 ; $103,04 ; $98,31 ; $71,02 ; $114,21 ;248,42;54,70;166,44;39,73;41,21;44,78;58,53;64,46;29,31;54,70;39,25
 $37,99 ; $70,81 ; $52,21 ; $87,26 ; $123,60 ; $138,40 ; $65,16 ; $105,12 ; $100,19 ; $70,81 ; $114,40 ;185,58;46,60;106,16;27,43;36,77;29,18;46,59;42,36;34,00;46,60;26,65
 $38,47 ; $71,52 ; $55,75 ; $87,91 ; $122,09 ; $140,02 ; $65,39 ; $105,34 ; $102,80 ; $71,52 ; $114,77 ;155,38;30,79;125,94;23,97;51,09;23,45;40,36;34,47;56,01;30,79;23,69
 $37,56 ; $70,94 ; $55,38 ; $86,12 ; $124,55 ; $141,97 ; $66,11 ; $103,51 ; $104,45 ; $70,94 ; $115,61 ;219,10;38,57;124,48;32,18;49,05;26,91;42,90;48,87;31,83;38,57;23,92
 $35,23 ; $68,80 ; $52,39 ; $80,74 ; $123,74 ; $142,09 ; $64,10 ; $99,61 ; $101,41 ; $68,80 ; $115,54 ;465,51;52,23;191,79;51,92;39,90;41,20;77,29;76,63;38,78;52,23;43,75
 $36,93 ; $69,68 ; $55,34 ; $82,13 ; $125,70 ; $145,23 ; $63,98 ; $102,35 ; $103,23 ; $69,68 ; $114,89 ;280,29;45,29;126,68;35,13;35,73;28,23;51,83;60,01;29,77;45,29;27,70
 $36,94 ; $69,93 ; $54,69 ; $82,88 ; $128,29 ; $149,86 ; $64,02 ; $103,29 ; $102,68 ; $69,93 ; $115,75 ;237,35;61,91;111,19;28,12;43,69;28,91;51,06;60,58;49,38;61,91;31,95
 $36,71 ; $70,15 ; $52,85 ; $82,98 ; $128,71 ; $151,20 ; $64,60 ; $103,49 ; $105,40 ; $70,15 ; $116,41 ;238,60;30,98;114,93;28,10;43,46;26,81;42,18;57,30;48,69;30,98;29,45
 $36,12 ; $71,04 ; $48,68 ; $81,09 ; $128,62 ; $150,30 ; $66,27 ; $101,91 ; $105,78 ; $71,04 ; $116,96 ;287,20;44,36;146,03;44,61;41,55;32,65;61,11;64,25;35,47;44,36;26,11
 $36,26 ; $71,40 ; $48,52 ; $81,73 ; $131,48 ; $154,52 ; $65,71 ; $103,61 ; $106,25 ; $71,40 ; $117,22 ;292,64;69,87;187,30;38,88;60,38;36,68;70,46;73,55;38,83;69,87;49,89
 $36,52 ; $71,51 ; $49,39 ; $84,02 ; $132,15 ; $153,40 ; $65,97 ; $103,36 ; $106,72 ; $71,51 ; $117,71 ;201,11;49,00;113,36;32,32;35,91;31,60;66,34;54,48;29,21;49,00;38,19
 $37,86 ; $70,94 ; $49,51 ; $84,14 ; $132,94 ; $154,86 ; $67,45 ; $103,54 ; $107,08 ; $70,94 ; $117,03 ;237,36;50,14;134,33;34,35;39,56;24,32;66,86;68,16;30,28;50,14;46,64
 $38,58 ; $72,51 ; $49,42 ; $86,45 ; $133,69 ; $154,99 ; $68,68 ; $105,00 ; $107,05 ; $72,51 ; $117,24 ;224,98;50,58;106,38;30,38;46,34;20,52;46,85;51,19;24,85;50,58;39,12
 $37,69 ; $72,76 ; $45,89 ; $83,78 ; $136,11 ; $155,74 ; $69,93 ; $102,63 ; $107,00 ; $72,76 ; $117,53 ;222,84;57,73;158,26;35,91;53,63;38,04;65,78;67,04;26,66;57,73;34,49
 $39,00 ; $71,78 ; $49,31 ; $85,95 ; $134,63 ; $158,00 ; $68,52 ; $104,92 ; $107,17 ; $71,78 ; $117,16 ;191,38;47,50;115,79;25,44;36,59;27,96;50,56;45,90;20,41;47,50;26,69
 $38,07 ; $72,83 ; $48,62 ; $85,37 ; $136,85 ; $159,36 ; $69,49 ; $104,59 ; $111,27 ; $72,83 ; $117,00 ;188,42;34,72;124,98;33,58;38,77;47,63;56,24;48,75;63,39;34,72;33,84
 $37,58 ; $71,88 ; $47,79 ; $84,01 ; $133,19 ; $156,63 ; $68,45 ; $101,96 ; $107,05 ; $71,88 ; $116,82 ;144,52;37,88;87,16;26,97;35,19;29,72;48,24;50,37;39,29;37,88;28,30
 $37,58 ; $71,36 ; $49,32 ; $81,33 ; $133,00 ; $155,48 ; $66,40 ; $100,33 ; $106,79 ; $71,36 ; $116,49 ;248,02;54,71;164,62;35,57;56,48;48,11;65,36;59,89;36,63;54,71;29,66
 $38,22 ; $70,62 ; $50,90 ; $81,07 ; $131,98 ; $156,71 ; $65,14 ; $100,85 ; $105,39 ; $70,62 ; $115,71 ;319,07;54,21;160,74;33,73;58,28;56,65;69,94;68,57;41,98;54,21;45,79
 $38,15 ; $69,02 ; $53,84 ; $80,37 ; $127,33 ; $151,57 ; $63,88 ; $99,18 ; $103,83 ; $69,02 ; $115,61 ;348,59;68,93;228,54;40,45;85,08;78,56;74,63;80,22;47,72;68,93;52,54
 $39,02 ; $70,05 ; $56,57 ; $81,18 ; $126,94 ; $151,96 ; $64,77 ; $100,95 ; $103,33 ; $70,05 ; $114,43 ;281,17;67,13;238,41;37,94;93,41;81,03;72,51;66,11;38,10;67,13;39,64
 $39,51 ; $70,81 ; $57,33 ; $84,15 ; $127,97 ; $155,91 ; $65,68 ; $102,89 ; $107,17 ; $70,81 ; $114,59 ;291,69;51,72;153,55;31,26;49,30;40,16;61,81;53,98;26,17;51,72;40,07
 $40,62 ; $71,29 ; $57,95 ; $84,83 ; $131,67 ; $158,41 ; $67,25 ; $104,80 ; $110,02 ; $71,29 ; $113,96 ;210,59;46,63;133,63;28,28;51,09;29,69;54,34;40,60;28,71;46,63;39,69
 $40,26 ; $71,25 ; $57,47 ; $85,12 ; $133,82 ; $161,53 ; $66,91 ; $104,49 ; $109,84 ; $71,25 ; $114,63 ;223,82;42,71;127,18;25,38;56,45;36,93;49,46;45,51;34,96;42,71;47,77
 $40,02 ; $73,00 ; $58,26 ; $87,82 ; $132,86 ; $167,08 ; $67,22 ; $106,39 ; $110,24 ; $73,00 ; $115,71 ;218,03;49,08;126,01;32,62;80,50;65,06;55,39;54,28;31,78;49,08;69,32
 $40,15 ; $72,84 ; $57,55 ; $90,10 ; $133,81 ; $167,31 ; $66,65 ; $106,90 ; $110,04 ; $72,84 ; $114,62 ;212,64;51,48;117,31;28,13;41,60;38,87;47,96;43,74;19,59;51,48;53,53
 $39,02 ; $72,05 ; $54,67 ; $88,31 ; $132,97 ; $171,31 ; $67,30 ; $105,73 ; $109,88 ; $72,05 ; $114,86 ;231,09;46,58;140,17;24,39;39,84;39,57;43,57;41,20;28,53;46,58;45,52
 $38,77 ; $71,96 ; $55,58 ; $86,40 ; $131,97 ; $165,99 ; $66,76 ; $103,21 ; $108,27 ; $71,96 ; $115,37 ;260,44;48,10;133,92;26,60;41,88;50,36;39,99;51,46;23,38;48,10;44,62
 $38,03 ; $71,57 ; $55,14 ; $85,31 ; $130,37 ; $165,13 ; $67,40 ; $102,20 ; $108,26 ; $71,57 ; $116,36 ;497,86;101,83;214,81;48,35;98,49;106,74;97,65;94,04;70,75;101,83;89,56
 $39,05 ; $74,19 ; $57,24 ; $88,30 ; $134,58 ; $174,88 ; $69,15 ; $105,35 ; $111,18 ; $74,19 ; $115,34 ;322,65;65,69;135,25;26,48;60,00;65,87;71,10;51,07;37,98;65,69;42,92
 $38,59 ; $75,20 ; $54,37 ; $87,66 ; $137,92 ; $167,88 ; $70,01 ; $102,44 ; $111,21 ; $75,20 ; $116,01 ;335,46;92,15;152,96;30,92;79,00;76,22;90,88;74,02;48,02;92,15;35,90
 $38,82 ; $75,25 ; $54,90 ; $88,31 ; $139,30 ; $172,94 ; $69,72 ; $103,92 ; $112,41 ; $75,25 ; $115,32 ;231,67;41,73;99,28;17,58;41,95;36,31;47,96;43,81;35,64;41,73;34,19
 $39,05 ; $77,11 ; $55,50 ; $90,61 ; $140,89 ; $173,87 ; $71,58 ; $105,81 ; $116,14 ; $77,11 ; $115,00 ;155,91;40,61;81,62;15,70;35,95;27,58;41,43;30,40;33,91;40,61;41,55
 $41,17 ; $77,42 ; $61,34 ; $89,30 ; $134,35 ; $165,93 ; $70,41 ; $106,49 ; $110,86 ; $77,42 ; $112,74 ;320,29;112,81;190,83;45,35;69,01;57,42;96,32;63,01;50,47;112,81;81,65
 $40,83 ; $77,03 ; $64,51 ; $88,80 ; $134,07 ; $165,76 ; $69,40 ; $105,85 ; $109,29 ; $77,03 ; $112,58 ;318,68;84,98;164,11;33,62;66,74;56,57;79,72;63,33;42,50;84,98;43,54
 $38,20 ; $75,96 ; $62,45 ; $84,04 ; $129,47 ; $154,33 ; $68,84 ; $101,20 ; $105,37 ; $75,96 ; $112,89 ;366,76;76,15;173,34;40,05;72,04;67,65;72,83;77,30;45,76;76,15;43,49
 $38,72 ; $75,68 ; $65,63 ; $83,22 ; $130,48 ; $158,00 ; $67,96 ; $99,70 ; $104,98 ; $75,68 ; $112,57 ;544,50;146,31;293,98;71,94;126,27;126,80;127,04;139,30;75,80;146,31;66,93
 $40,10 ; $75,89 ; $68,90 ; $83,12 ; $132,30 ; $159,60 ; $68,48 ; $100,11 ; $105,13 ; $75,89 ; $111,20 ;298,46;77,06;181,32;43,12;73,12;67,80;105,32;73,62;43,35;77,06;47,24
 $40,11 ; $75,25 ; $70,41 ; $84,00 ; $130,25 ; $154,89 ; $67,03 ; $99,36 ; $103,04 ; $75,25 ; $111,14 ;322,36;75,65;190,20;57,06;58,58;60,06;91,37;68,28;46,43;75,65;63,47
 $39,22 ; $76,03 ; $68,05 ; $83,86 ; $127,51 ; $152,44 ; $66,22 ; $98,34 ; $101,51 ; $76,03 ; $111,22 ;275,10;78,70;195,07;39,47;57,55;68,01;83,16;56,94;37,85;78,70;45,82
 $39,10 ; $75,91 ; $68,88 ; $84,34 ; $130,95 ; $154,35 ; $67,58 ; $99,13 ; $103,40 ; $75,91 ; $110,86 ;367,09;87,95;181,43;47,27;65,94;72,02;84,43;73,97;46,83;87,95;43,60
 $37,23 ; $75,87 ; $75,23 ; $83,06 ; $132,52 ; $149,75 ; $70,89 ; $100,39 ; $104,54 ; $75,87 ; $113,00 ;503,30;100,32;252,95;52,30;67,78;70,26;94,79;89,08;52,81;100,32;85,23
 $36,40 ; $71,44 ; $76,85 ; $81,85 ; $128,94 ; $144,06 ; $70,43 ; $97,94 ; $102,84 ; $71,44 ; $110,56 ;468,01;104,19;365,47;48,95;73,65;77,00;112,53;81,62;43,70;104,19;49,05
 $39,00 ; $74,19 ; $73,88 ; $86,10 ; $136,99 ; $155,07 ; $70,81 ; $102,84 ; $105,83 ; $74,19 ; $109,07 ;350,42;89,06;234,63;45,52;64,93;62,22;89,44;65,85;37,39;89,06;45,49
 $39,52 ; $75,04 ; $78,75 ; $89,29 ; $136,27 ; $158,22 ; $72,78 ; $103,72 ; $105,87 ; $75,04 ; $106,08 ;229,07;65,32;151,32;32,11;44,61;40,66;74,55;44,64;25,04;65,32;50,10
 $38,22 ; $76,65 ; $77,06 ; $89,08 ; $138,07 ; $158,46 ; $75,50 ; $102,18 ; $110,03 ; $76,65 ; $106,65 ;295,18;66,60;153,99;29,21;68,18;51,87;89,01;49,45;42,60;66,60;46,21
 $37,89 ; $78,72 ; $79,53 ; $88,48 ; $142,83 ; $152,41 ; $76,96 ; $99,60 ; $109,85 ; $78,72 ; $104,15 ;344,33;78,38;136,22;30,81;92,26;65,21;99,72;66,65;40,26;78,38;39,71
 $36,89 ; $78,84 ; $79,85 ; $89,06 ; $138,64 ; $146,64 ; $76,09 ; $99,94 ; $108,50 ; $78,84 ; $103,44 ;247,64;61,95;108,78;28,14;57,15;37,81;77,69;38,63;29,68;61,95;32,07
 $36,17 ; $79,24 ; $76,20 ; $85,74 ; $133,67 ; $143,08 ; $74,25 ; $98,43 ; $109,56 ; $79,24 ; $102,74 ;277,08;84,15;147,69;37,00;64,47;41,94;95,53;51,39;42,92;84,15;33,66
 $34,51 ; $77,64 ; $75,15 ; $85,03 ; $130,29 ; $141,42 ; $71,26 ; $95,14 ; $103,75 ; $77,64 ; $102,81 ;391,76;137,11;227,96;57,89;86,26;76,03;122,04;72,95;55,81;137,11;43,06
 $34,74 ; $76,72 ; $82,92 ; $84,53 ; $129,78 ; $140,57 ; $72,21 ; $95,52 ; $99,83 ; $76,72 ; $101,09 ;466,48;206,19;232,82;69,38;94,12;82,21;137,39;99,98;66,96;206,19;55,60
 $33,53 ; $76,95 ; $80,78 ; $82,49 ; $128,60 ; $135,86 ; $71,43 ; $93,10 ; $96,77 ; $76,95 ; $102,61 ;482,08;140,40;234,48;69,75;86,47;86,64;134,60;97,32;65,73;140,40;36,67
 $32,92 ; $70,70 ; $81,77 ; $82,42 ; $129,78 ; $131,06 ; $71,74 ; $89,74 ; $94,88 ; $70,70 ; $103,84 ;342,34;140,40;157,30;39,04;50,41;50,41;79,24;61,71;41,94;140,40;23,11
 $35,57 ; $75,00 ; $88,53 ; $87,36 ; $134,02 ; $141,46 ; $75,37 ; $95,47 ; $100,36 ; $75,00 ; $104,41 ;322,92;91,13;119,54;31,28;49,55;39,92;66,82;48,06;33,38;91,13;22,77
 $34,87 ; $73,82 ; $89,51 ; $86,67 ; $129,82 ; $139,99 ; $74,35 ; $95,55 ; $98,35 ; $73,82 ; $102,56 ;195,49;64,13;115,82;28,27;36,43;28,93;48,10;38,47;27,99;64,13;18,03
 $32,53 ; $71,92 ; $88,71 ; $81,67 ; $125,49 ; $131,09 ; $71,34 ; $90,84 ; $92,47 ; $71,92 ; $100,73 ;227,02;55,05;126,73;29,78;39,38;31,54;59,35;39,95;36,85;55,05;19,57
 $30,93 ; $68,83 ; $73,49 ; $74,92 ; $119,89 ; $124,62 ; $64,87 ; $85,56 ; $87,66 ; $68,83 ; $100,20 ;485,35;106,59;244,92;50,48;57,60;70,01;123,53;69,96;55,90;106,59;43,49
 $32,34 ; $72,85 ; $71,59 ; $76,46 ; $129,20 ; $133,45 ; $69,01 ; $88,82 ; $94,04 ; $72,85 ; $101,15 ;240,94;61,36;180,54;34,36;40,57;36,97;68,53;39,68;23,91;61,36;34,22
 $31,88 ; $73,22 ; $72,58 ; $74,12 ; $129,68 ; $127,41 ; $71,85 ; $88,10 ; $93,71 ; $73,22 ; $103,24 ;306,82;55,51;181,74;32,16;45,70;36,22;75,99;40,08;32,58;55,51;81,39
 $32,08 ; $72,90 ; $70,95 ; $73,02 ; $130,74 ; $132,87 ; $69,82 ; $87,91 ; $93,01 ; $72,90 ; $101,49 ;161,72;43,81;148,91;27,05;32,33;28,11;50,97;31,55;23,77;43,81;19,13
 $31,78 ; $72,94 ; $68,59 ; $72,04 ; $130,20 ; $132,38 ; $69,76 ; $86,84 ; $92,62 ; $72,94 ; $102,75 ;237,67;52,16;151,19;33,62;43,07;35,20;53,47;40,18;28,43;52,16;22,45
 $32,75 ; $73,20 ; $71,15 ; $75,06 ; $129,83 ; $137,22 ; $69,43 ; $90,45 ; $95,35 ; $73,20 ; $104,22 ;184,06;48,75;113,04;24,21;39,40;29,15;58,90;33,74;24,80;48,75;72,30
 $33,71 ; $74,49 ; $78,42 ; $78,13 ; $132,40 ; $144,22 ; $73,95 ; $95,64 ; $100,13 ; $74,49 ; $105,17 ;175,58;51,49;109,74;24,11;40,01;31,89;55,09;38,01;28,62;51,49;26,94
 $33,69 ; $74,64 ; $73,08 ; $77,11 ; $131,45 ; $147,02 ; $74,23 ; $96,12 ; $98,55 ; $74,64 ; $103,58 ;158,14;55,70;124,69;22,08;36,80;31,14;53,70;37,35;24,29;55,70;46,69
 $35,56 ; $75,51 ; $78,47 ; $81,12 ; $133,62 ; $150,61 ; $76,72 ; $99,84 ; $102,69 ; $75,51 ; $103,66 ;179,52;46,37;103,07;22,75;35,60;29,03;40,37;29,49;27,20;46,37;30,19
 $34,96 ; $76,91 ; $79,46 ; $79,17 ; $132,92 ; $148,11 ; $77,70 ; $98,84 ; $100,66 ; $76,91 ; $102,48 ;149,38;44,42;106,60;15,47;34,88;25,45;43,14;32,60;20,09;44,42;23,44
 $33,72 ; $74,45 ; $82,84 ; $78,17 ; $127,29 ; $139,88 ; $75,71 ; $95,52 ; $96,90 ; $74,45 ; $101,97 ;145,37;42,68;113,80;18,72;35,32;27,98;44,77;36,18;23,15;42,68;27,57
 $32,89 ; $72,56 ; $79,96 ; $74,35 ; $124,99 ; $132,85 ; $74,60 ; $92,16 ; $93,21 ; $72,56 ; $100,52 ;200,32;65,74;140,93;25,29;44,54;36,63;59,37;44,25;26,77;65,74;30,75
 $34,36 ; $73,98 ; $80,60 ; $78,07 ; $130,50 ; $137,20 ; $77,38 ; $95,29 ; $97,32 ; $73,98 ; $99,69 ;172,99;74,49;99,23;20,42;36,98;24,64;55,37;33,79;20,32;74,49;25,49
 $33,06 ; $71,33 ; $78,44 ; $72,90 ; $127,45 ; $128,71 ; $74,47 ; $89,21 ; $91,51 ; $71,33 ; $98,68 ;243,52;58,60;141,78;27,87;47,43;39,60;74,23;55,83;34,73;58,60;22,34
 $31,05 ; $69,38 ; $70,48 ; $68,43 ; $122,73 ; $123,74 ; $71,76 ; $84,75 ; $85,80 ; $69,38 ; $96,82 ;237,43;59,07;155,93;31,70;56,20;40,02;71,23;48,71;44,68;59,07;28,46
 $30,36 ; $66,73 ; $72,02 ; $68,01 ; $121,11 ; $118,78 ; $65,51 ; $82,84 ; $81,42 ; $66,73 ; $95,99 ;236,55;69,99;147,46;32,46;63,23;52,73;103,16;51,63;61,69;69,99;40,06
 $30,89 ; $66,50 ; $81,80 ; $69,46 ; $122,62 ; $120,77 ; $63,76 ; $85,16 ; $78,63 ; $66,50 ; $95,22 ;213,39;61,01;153,37;51,34;52,43;39,90;106,40;41,57;48,51;61,01;42,93
 $31,01 ; $67,53 ; $80,28 ; $68,18 ; $123,90 ; $116,80 ; $62,15 ; $84,74 ; $76,97 ; $67,53 ; $94,28 ;273,68;63,63;132,46;38,19;53,97;56,23;104,96;51,34;42,65;63,63;27,28
 $32,19 ; $68,91 ; $86,93 ; $72,32 ; $126,54 ; $124,34 ; $63,31 ; $88,69 ; $78,87 ; $68,91 ; $93,14 ;228,19;48,73;125,98;32,11;41,74;34,57;74,07;49,33;37,90;48,73;26,25
 $34,19 ; $73,17 ; $89,25 ; $74,75 ; $132,86 ; $129,58 ; $67,41 ; $94,62 ; $84,09 ; $73,17 ; $94,84 ;189,73;50,71;113,72;29,11;35,63;32,72;63,62;47,83;33,74;50,71;32,10
 $33,91 ; $71,85 ; $91,42 ; $75,42 ; $130,81 ; $120,99 ; $67,09 ; $95,07 ; $82,65 ; $71,85 ; $93,42 ;219,72;57,59;136,88;50,55;42,12;37,35;69,45;57,53;35,44;57,59;31,93
 $35,87 ; $73,52 ; $93,13 ; $81,25 ; $133,13 ; $133,14 ; $68,08 ; $99,53 ; $88,04 ; $73,52 ; $95,94 ;220,78;59,27;127,55;33,55;46,85;39,51;72,83;55,07;37,99;59,27;25,08
 $35,37 ; $74,68 ; $91,63 ; $79,99 ; $134,57 ; $132,09 ; $68,85 ; $99,44 ; $86,59 ; $74,68 ; $96,13 ;203,82;56,47;117,65;28,42;38,06;28,71;60,46;45,40;28,25;56,47;26,20
 $36,11 ; $76,25 ; $91,87 ; $82,37 ; $137,15 ; $133,60 ; $70,94 ; $101,30 ; $88,20 ; $76,25 ; $97,11 ;93,40;23,63;97,64;12,70;22,52;15,06;30,55;22,86;13,90;23,63;16,59
 $35,93 ; $77,19 ; $90,31 ; $83,76 ; $139,78 ; $135,36 ; $71,03 ; $102,33 ; $88,78 ; $77,19 ; $98,68 ;222,94;44,46;107,93;20,90;42,76;36,02;60,81;56,35;29,89;44,46;38,12
 $34,53 ; $75,89 ; $82,68 ; $80,98 ; $137,98 ; $130,91 ; $70,83 ; $99,07 ; $87,09 ; $75,89 ; $97,85 ;223,77;41,63;132,48;20,26;35,49;26,55;60,30;40,77;33,84;41,63;27,10
 $33,70 ; $74,86 ; $84,36 ; $79,08 ; $135,53 ; $127,48 ; $70,48 ; $98,10 ; $84,52 ; $74,86 ; $98,61 ;312,87;58,01;124,47;29,81;46,03;48,09;71,18;64,01;40,92;58,01;28,35
 $33,95 ; $75,18 ; $87,06 ; $78,52 ; $136,10 ; $124,60 ; $70,91 ; $98,39 ; $84,53 ; $75,18 ; $96,75 ;156,95;35,18;83,24;15,35;26,80;32,56;38,78;43,50;22,58;35,18;17,87
 $34,20 ; $74,55 ; $87,47 ; $77,68 ; $135,85 ; $124,44 ; $70,50 ; $98,21 ; $84,19 ; $74,55 ; $95,78 ;101,36;21,69;57,08;11,09;24,77;19,88;26,45;27,20;16,00;21,69;17,01
 $35,38 ; $75,78 ; $87,56 ; $80,37 ; $135,67 ; $124,73 ; $71,00 ; $100,91 ; $86,21 ; $75,78 ; $98,38 ;168,88;46,46;90,97;18,68;29,60;26,09;42,92;49,56;30,28;46,46;24,59
 $36,12 ; $74,74 ; $89,95 ; $83,79 ; $135,45 ; $130,49 ; $71,33 ; $102,46 ; $90,01 ; $74,74 ; $98,99 ;237,97;48,47;89,51;24,72;36,62;38,95;55,81;53,50;28,39;48,47;27,48
 $35,35 ; $72,62 ; $90,48 ; $82,78 ; $133,91 ; $131,34 ; $69,23 ; $98,99 ; $89,47 ; $72,62 ; $99,17 ;222,54;49,85;67,43;15,72;33,16;26,57;51,78;54,27;19,20;49,85;24,69
 $36,25 ; $72,86 ; $91,23 ; $83,40 ; $132,86 ; $136,70 ; $68,89 ; $101,14 ; $91,90 ; $72,86 ; $99,02 ;178,52;55,50;78,72;23,70;31,68;37,55;51,04;63,36;20,09;55,50;19,20
 $36,59 ; $73,40 ; $85,96 ; $83,41 ; $132,69 ; $141,77 ; $67,91 ; $102,85 ; $93,31 ; $73,40 ; $98,60 ;198,56;59,03;98,80;28,41;46,51;36,20;58,15;64,13;35,61;59,03;38,69
 $36,49 ; $72,97 ; $90,21 ; $82,03 ; $132,49 ; $140,38 ; $67,71 ; $102,14 ; $91,41 ; $72,97 ; $96,96 ;172,27;41,95;85,92;30,92;34,78;31,87;63,34;45,23;26,57;41,95;29,97
 $36,39 ; $73,68 ; $84,49 ; $81,30 ; $131,99 ; $139,82 ; $68,48 ; $103,03 ; $90,66 ; $73,68 ; $96,41 ;164,51;45,26;76,85;18,90;38,14;27,57;40,81;37,13;21,34;45,26;61,03
 $35,66 ; $72,71 ; $84,66 ; $81,19 ; $128,51 ; $136,09 ; $66,61 ; $100,31 ; $86,98 ; $72,71 ; $95,32 ;158,58;41,87;73,21;26,76;35,35;27,04;44,14;36,96;29,46;41,87;59,34
 $35,99 ; $72,54 ; $87,26 ; $84,60 ; $129,17 ; $140,14 ; $66,25 ; $103,67 ; $88,32 ; $72,54 ; $95,17 ;168,49;52,66;94,63;35,09;48,10;30,18;85,51;52,56;32,08;52,66;35,36
 $32,93 ; $71,11 ; $82,63 ; $78,18 ; $124,15 ; $135,77 ; $64,42 ; $99,00 ; $82,10 ; $71,11 ; $97,33 ;408,45;64,23;102,41;37,53;62,30;44,77;75,72;70,68;44,23;64,23;37,52
 $30,98 ; $72,11 ; $76,97 ; $75,51 ; $125,86 ; $143,46 ; $66,97 ; $96,67 ; $82,06 ; $72,11 ; $99,26 ;697,16;99,41;207,95;63,10;84,21;63,93;109,30;125,53;69,53;99,41;123,51
 $30,99 ; $72,97 ; $77,89 ; $76,81 ; $127,30 ; $145,96 ; $65,69 ; $96,91 ; $80,69 ; $72,97 ; $99,89 ;418,17;63,09;126,00;32,92;48,14;34,37;98,19;72,00;49,90;63,09;44,79
 $32,15 ; $74,71 ; $82,83 ; $80,66 ; $129,46 ; $151,01 ; $67,69 ; $101,18 ; $84,90 ; $74,71 ; $99,12 ;250,62;53,02;84,39;25,55;41,70;30,65;57,08;47,13;34,42;53,02;45,50
 $31,99 ; $75,36 ; $84,98 ; $79,63 ; $133,52 ; $149,07 ; $69,81 ; $97,77 ; $84,22 ; $75,36 ; $100,48 ;191,88;37,91;92,87;35,61;38,59;34,20;58,36;57,47;58,09;37,91;24,51
 $32,88 ; $75,18 ; $87,23 ; $80,93 ; $134,57 ; $148,65 ; $68,89 ; $99,83 ; $83,06 ; $75,18 ; $98,92 ;269,06;54,46;70,42;27,85;41,91;31,07;56,93;53,14;32,66;54,46;62,17
 $33,22 ; $76,57 ; $84,98 ; $80,70 ; $134,30 ; $147,76 ; $69,62 ; $100,61 ; $84,42 ; $76,57 ; $98,57 ;239,49;40,96;73,33;20,17;34,64;24,90;40,31;45,60;24,94;40,96;25,95
 $33,17 ; $77,44 ; $85,13 ; $80,55 ; $133,53 ; $150,83 ; $68,98 ; $100,00 ; $85,68 ; $77,44 ; $99,73 ;246,60;50,73;84,17;26,79;42,11;28,79;56,39;60,44;24,68;50,73;37,72
 $32,33 ; $77,18 ; $80,23 ; $79,66 ; $133,59 ; $151,24 ; $69,03 ; $99,51 ; $85,14 ; $77,18 ; $99,69 ;304,79;63,82;123,39;29,86;47,40;27,49;59,88;58,54;29,69;63,82;58,79
 $31,90 ; $77,12 ; $78,52 ; $78,10 ; $132,19 ; $150,95 ; $69,03 ; $98,48 ; $84,17 ; $77,12 ; $99,47 ;176,71;46,07;93,13;27,83;33,71;23,34;56,02;48,36;24,08;46,07;35,36
 $32,60 ; $75,92 ; $79,64 ; $78,63 ; $131,31 ; $157,48 ; $66,11 ; $99,78 ; $82,56 ; $75,92 ; $97,63 ;193,63;52,08;96,27;24,32;49,82;26,70;72,92;51,08;29,94;52,08;39,57
 $32,11 ; $73,43 ; $78,77 ; $76,24 ; $127,53 ; $164,78 ; $64,59 ; $98,34 ; $81,45 ; $73,43 ; $96,93 ;209,96;73,43;85,13;30,25;52,06;33,32;65,84;57,49;29,46;73,43;41,77
 $32,80 ; $73,61 ; $79,90 ; $78,57 ; $130,32 ; $166,90 ; $65,12 ; $100,94 ; $84,12 ; $73,61 ; $97,32 ;239,96;73,65;96,02;29,41;47,26;34,56;74,42;56,87;24,66;73,65;44,45
 $33,15 ; $73,11 ; $81,33 ; $79,00 ; $130,42 ; $166,01 ; $66,39 ; $102,40 ; $84,24 ; $73,11 ; $96,94 ;218,58;52,86;111,73;34,03;42,79;30,43;73,50;54,51;28,68;52,86;30,72
 $33,58 ; $74,67 ; $80,86 ; $81,75 ; $132,21 ; $173,19 ; $67,30 ; $105,45 ; $85,81 ; $74,67 ; $96,87 ;239,03;62,53;109,19;34,43;49,22;41,13;64,76;66,44;35,30;62,53;34,64
 $32,74 ; $73,78 ; $77,36 ; $79,67 ; $132,00 ; $168,65 ; $65,03 ; $103,28 ; $82,24 ; $73,78 ; $97,10 ;160,88;50,32;72,73;22,85;34,16;28,08;46,37;44,62;26,23;50,32;18,81
 $33,71 ; $74,17 ; $81,17 ; $82,87 ; $132,73 ; $173,86 ; $65,44 ; $107,32 ; $86,54 ; $74,17 ; $96,60 ;188,97;55,01;79,09;28,27;42,67;28,31;62,09;45,38;27,37;55,01;28,71
 $33,59 ; $73,46 ; $80,79 ; $81,24 ; $129,00 ; $171,21 ; $65,39 ; $106,20 ; $86,65 ; $73,46 ; $94,59 ;138,26;61,68;71,49;31,55;30,15;19,66;55,65;36,86;24,06;61,68;30,74
 $34,25 ; $74,28 ; $81,45 ; $83,26 ; $131,70 ; $175,99 ; $66,85 ; $108,61 ; $89,15 ; $74,28 ; $96,53 ;195,56;57,50;105,43;32,27;47,48;31,94;57,24;53,79;28,83;57,50;38,44
 $35,26 ; $75,63 ; $84,30 ; $83,75 ; $136,24 ; $176,13 ; $68,46 ; $109,55 ; $89,14 ; $75,63 ; $96,44 ;207,55;64,28;90,09;25,08;52,48;44,24;77,38;42,82;30,55;64,28;25,92
 $35,20 ; $76,10 ; $85,85 ; $85,27 ; $135,19 ; $177,94 ; $67,04 ; $110,16 ; $87,55 ; $76,10 ; $95,62 ;180,66;49,46;90,56;30,40;43,74;31,38;62,45;45,38;35,93;49,46;30,73
 $34,91 ; $74,65 ; $86,92 ; $83,57 ; $132,40 ; $171,16 ; $63,99 ; $108,24 ; $85,75 ; $74,65 ; $95,05 ;172,12;49,74;101,38;41,10;58,66;30,28;80,04;44,12;36,47;49,74;43,32
 $34,92 ; $74,80 ; $89,90 ; $82,72 ; $135,67 ; $166,90 ; $64,57 ; $108,89 ; $86,09 ; $74,80 ; $94,13 ;174,29;50,03;101,03;29,11;47,82;29,40;66,80;36,99;20,21;50,03;29,10
 $33,98 ; $73,02 ; $88,81 ; $80,83 ; $133,53 ; $164,96 ; $63,49 ; $106,24 ; $83,13 ; $73,02 ; $93,60 ;193,88;63,69;94,47;25,03;47,93;27,87;63,19;44,94;24,64;63,69;40,39
 $33,99 ; $72,42 ; $87,59 ; $80,80 ; $133,41 ; $168,71 ; $63,63 ; $106,54 ; $83,79 ; $72,42 ; $93,69 ;181,83;61,18;83,26;21,41;39,84;32,11;64,46;44,89;26,30;61,18;39,38
 $34,69 ; $72,14 ; $90,74 ; $83,82 ; $133,57 ; $176,20 ; $62,64 ; $108,80 ; $85,39 ; $72,14 ; $93,98 ;181,17;42,18;73,00;23,92;43,12;28,08;59,94;37,48;27,00;42,18;30,63
 $34,30 ; $71,70 ; $92,05 ; $81,80 ; $132,06 ; $172,79 ; $63,18 ; $105,63 ; $84,28 ; $71,70 ; $93,51 ;161,66;36,16;77,27;19,05;43,66;24,65;71,43;31,43;21,42;36,16;24,12
 $34,83 ; $72,05 ; $92,01 ; $81,71 ; $132,19 ; $168,90 ; $64,94 ; $105,00 ; $84,58 ; $72,05 ; $93,09 ;227,06;49,86;110,36;24,15;36,60;26,56;70,01;46,62;26,39;49,86;31,78
 $33,66 ; $70,14 ; $89,31 ; $78,37 ; $130,15 ; $164,41 ; $63,29 ; $101,79 ; $80,19 ; $70,14 ; $92,44 ;189,99;49,53;95,74;25,21;34,93;28,11;56,49;42,00;32,72;49,53;40,26
 $33,17 ; $68,81 ; $90,39 ; $78,55 ; $128,74 ; $163,93 ; $58,93 ; $101,38 ; $78,14 ; $68,81 ; $91,59 ;252,17;58,75;105,83;25,67;46,74;32,94;123,26;52,37;39,70;58,75;55,72
 $33,04 ; $66,67 ; $85,73 ; $77,99 ; $130,01 ; $168,22 ; $57,25 ; $100,78 ; $76,77 ; $66,67 ; $90,07 ;237,87;87,65;125,08;51,74;58,37;36,17;205,19;58,71;44,42;87,65;80,00
 $33,21 ; $66,80 ; $89,59 ; $77,64 ; $130,19 ; $168,63 ; $59,30 ; $101,75 ; $78,12 ; $66,80 ; $91,24 ;237,09;83,59;119,43;29,97;48,11;37,26;124,96;46,23;38,78;83,59;54,87
 $32,20 ; $67,27 ; $90,26 ; $75,30 ; $128,06 ; $163,94 ; $58,03 ; $98,70 ; $74,75 ; $67,27 ; $89,47 ;261,03;78,95;118,13;34,90;57,57;39,03;101,33;58,81;47,45;78,95;71,94
 $31,45 ; $66,58 ; $84,63 ; $74,95 ; $123,14 ; $161,12 ; $58,73 ; $96,44 ; $73,62 ; $66,58 ; $90,08 ;280,08;68,43;118,08;39,85;61,41;39,37;108,61;60,85;45,82;68,43;65,97
 $33,78 ; $68,75 ; $86,68 ; $78,79 ; $127,41 ; $171,76 ; $61,86 ; $101,60 ; $80,03 ; $68,75 ; $91,63 ;248,01;77,90;110,69;32,95;66,47;38,94;96,34;57,24;47,12;77,90;82,23
 $33,91 ; $68,96 ; $83,41 ; $77,36 ; $126,27 ; $179,52 ; $60,32 ; $102,55 ; $78,19 ; $68,96 ; $91,18 ;167,59;57,32;106,07;28,21;51,00;31,29;89,72;43,45;37,97;57,32;63,30
 $35,01 ; $69,49 ; $84,69 ; $80,27 ; $128,25 ; $182,80 ; $62,29 ; $105,61 ; $81,70 ; $69,49 ; $92,53 ;182,19;60,06;99,12;21,48;46,29;33,11;98,34;44,63;39,69;60,06;55,05
 $35,38 ; $70,41 ; $84,93 ; $81,12 ; $131,13 ; $184,41 ; $62,69 ; $106,34 ; $82,55 ; $70,41 ; $92,27 ;110,58;36,70;55,89;14,11;25,73;19,94;38,16;28,51;17,52;36,70;28,02
 $36,17 ; $70,95 ; $85,02 ; $83,35 ; $131,83 ; $185,58 ; $63,53 ; $108,74 ; $86,57 ; $70,95 ; $94,04 ;199,60;55,48;100,05;24,02;40,88;28,97;74,94;53,62;45,34;55,48;82,02
 $36,13 ; $70,11 ; $82,23 ; $81,93 ; $132,07 ; $186,66 ; $63,41 ; $108,96 ; $86,29 ; $70,11 ; $93,95 ;175,76;50,61;106,08;36,24;32,14;35,27;62,87;45,01;51,81;50,61;83,43
 $37,35 ; $71,24 ; $84,30 ; $85,17 ; $134,16 ; $191,70 ; $63,97 ; $113,02 ; $91,11 ; $71,24 ; $95,99 ;261,51;72,50;114,13;34,78;43,27;57,90;102,88;58,16;43,55;72,50;75,67
 $37,34 ; $71,22 ; $84,98 ; $85,60 ; $135,02 ; $192,05 ; $62,62 ; $113,13 ; $90,78 ; $71,22 ; $96,19 ;186,78;55,61;85,11;18,81;30,56;27,21;76,37;33,02;33,38;55,61;44,24
 $37,60 ; $72,03 ; $83,84 ; $85,54 ; $136,38 ; $192,48 ; $63,33 ; $113,99 ; $91,41 ; $72,03 ; $96,39 ;106,00;31,36;48,38;13,88;20,52;19,89;38,94;27,25;17,62;31,36;23,38
 $37,75 ; $72,01 ; $84,68 ; $84,34 ; $139,12 ; $184,12 ; $64,53 ; $111,43 ; $89,66 ; $72,01 ; $95,33 ;160,02;50,56;76,66;39,20;42,46;35,11;58,72;45,79;24,95;50,56;37,84
 $37,60 ; $72,80 ; $82,68 ; $83,45 ; $140,52 ; $192,24 ; $63,32 ; $112,11 ; $90,17 ; $72,80 ; $96,23 ;202,91;45,58;95,74;24,14;42,18;29,49;68,99;44,13;27,00;45,58;42,39
 $37,93 ; $72,05 ; $80,17 ; $82,23 ; $139,46 ; $200,17 ; $60,98 ; $112,45 ; $88,32 ; $72,05 ; $94,94 ;184,24;43,07;75,48;20,41;33,54;31,57;68,67;37,86;30,18;43,07;45,64
 $38,65 ; $72,63 ; $84,25 ; $82,51 ; $139,27 ; $201,75 ; $61,21 ; $113,43 ; $87,81 ; $72,63 ; $94,96 ;231,37;60,82;81,38;23,26;39,15;36,75;110,41;46,76;24,28;60,82;46,70
 $38,98 ; $74,17 ; $83,52 ; $83,09 ; $141,99 ; $202,24 ; $61,49 ; $115,58 ; $87,11 ; $74,17 ; $95,56 ;278,41;81,35;96,39;37,08;41,53;31,68;112,58;55,39;46,76;81,35;77,17
 $39,08 ; $73,11 ; $83,31 ; $83,14 ; $144,01 ; $207,84 ; $60,27 ; $116,95 ; $87,15 ; $73,11 ; $94,49 ;215,44;70,32;80,42;34,60;41,80;27,84;81,30;44,46;38,06;70,32;46,40
 $39,63 ; $73,28 ; $85,57 ; $85,17 ; $145,62 ; $202,57 ; $61,23 ; $118,03 ; $87,10 ; $73,28 ; $93,74 ;257,63;80,06;89,14;24,86;45,24;31,95;85,04;54,55;33,95;80,06;41,92
 $40,30 ; $74,78 ; $85,96 ; $86,83 ; $147,86 ; $205,29 ; $61,96 ; $120,22 ; $87,77 ; $74,78 ; $94,04 ;177,59;53,46;60,96;16,83;34,66;32,14;55,37;35,63;21,81;53,46;29,85
 $40,29 ; $74,46 ; $87,14 ; $87,96 ; $146,34 ; $210,76 ; $61,72 ; $121,52 ; $89,56 ; $74,46 ; $94,40 ;199,43;56,46;68,08;23,28;40,84;30,84;74,62;43,00;39,01;56,46;43,03
 $40,62 ; $75,16 ; $88,17 ; $89,35 ; $146,43 ; $207,35 ; $63,75 ; $122,30 ; $90,85 ; $75,16 ; $95,23 ;245,41;65,91;73,10;23,16;42,73;39,91;82,09;50,62;44,43;65,91;40,34
 $40,79 ; $75,53 ; $91,56 ; $90,80 ; $145,36 ; $205,63 ; $63,46 ; $122,04 ; $88,24 ; $75,53 ; $93,65 ;266,04;57,85;82,59;43,05;42,92;40,75;71,82;46,74;29,45;57,85;38,48
 $41,42 ; $75,64 ; $92,40 ; $91,37 ; $145,44 ; $209,91 ; $63,86 ; $125,21 ; $87,89 ; $75,64 ; $94,50 ;209,39;51,34;66,49;27,29;34,32;32,37;70,42;43,16;26,85;51,34;35,37
 $42,12 ; $76,36 ; $94,41 ; $92,89 ; $147,73 ; $208,27 ; $65,65 ; $125,96 ; $89,90 ; $76,36 ; $94,66 ;140,08;37,99;69,51;14,28;29,08;19,33;57,56;29,40;19,64;37,99;22,37
 $41,57 ; $74,33 ; $98,08 ; $92,77 ; $143,22 ; $206,45 ; $65,16 ; $125,67 ; $87,19 ; $74,33 ; $93,14 ;213,81;75,01;89,43;24,85;48,37;31,51;70,58;46,92;30,40;75,01;44,27
 $40,06 ; $73,38 ; $96,13 ; $89,92 ; $138,91 ; $205,42 ; $64,20 ; $122,90 ; $84,80 ; $73,38 ; $92,31 ;284,74;62,85;97,17;27,00;54,67;29,06;73,96;49,09;41,77;62,85;48,32
 $40,38 ; $74,44 ; $94,97 ; $88,96 ; $138,95 ; $192,53 ; $65,43 ; $120,47 ; $81,99 ; $74,44 ; $91,74 ;284,52;65,40;86,81;25,91;46,81;41,18;74,88;52,53;33,42;65,40;47,95
 $40,82 ; $75,59 ; $95,74 ; $89,52 ; $139,96 ; $199,83 ; $66,19 ; $122,66 ; $83,24 ; $75,59 ; $91,49 ;207,31;67,85;69,54;22,40;40,23;28,14;64,02;48,70;24,54;67,85;31,11
 $40,55 ; $75,88 ; $92,57 ; $89,53 ; $140,83 ; $202,55 ; $68,41 ; $122,77 ; $84,46 ; $75,88 ; $92,46 ;207,89;87,54;90,64;27,79;43,74;34,77;79,95;58,45;53,94;87,54;41,92
 $41,83 ; $77,62 ; $93,83 ; $91,84 ; $143,59 ; $205,54 ; $71,27 ; $125,68 ; $86,24 ; $77,62 ; $92,50 ;179,23;63,46;58,63;17,27;31,93;21,78;82,71;30,18;33,59;63,46;33,67
 $42,49 ; $78,21 ; $94,96 ; $92,15 ; $146,31 ; $211,82 ; $72,34 ; $125,33 ; $88,34 ; $78,21 ; $93,11 ;162,10;67,32;68,85;17,44;33,80;25,20;60,48;32,31;24,84;67,32;27,46
 $41,61 ; $77,10 ; $91,37 ; $91,36 ; $144,42 ; $215,19 ; $71,50 ; $124,46 ; $85,09 ; $77,10 ; $92,88 ;183,04;42,91;61,72;14,48;23,88;19,75;48,15;34,89;19,53;42,91;20,79
 $41,64 ; $77,34 ; $93,20 ; $91,53 ; $143,70 ; $210,16 ; $72,72 ; $123,51 ; $86,67 ; $77,34 ; $92,80 ;143,06;38,52;57,10;13,59;30,55;19,95;44,41;42,77;18,95;38,52;28,77
 $41,48 ; $77,66 ; $89,99 ; $89,79 ; $146,43 ; $215,60 ; $69,94 ; $122,33 ; $86,43 ; $77,66 ; $92,95 ;170,57;47,67;71,08;19,05;33,28;19,14;59,36;47,53;23,05;47,67;35,87
 $40,65 ; $76,95 ; $88,04 ; $88,98 ; $145,88 ; $227,67 ; $69,94 ; $121,15 ; $87,06 ; $76,95 ; $94,60 ;201,18;48,76;64,00;16,74;25,95;28,92;55,23;52,34;21,65;48,76;29,09
 $41,33 ; $77,67 ; $89,75 ; $89,64 ; $146,81 ; $228,41 ; $69,39 ; $122,97 ; $87,13 ; $77,67 ; $94,35 ;160,38;36,24;66,45;14,58;24,58;23,54;46,27;35,28;15,07;36,24;20,80
 $41,11 ; $76,58 ; $91,15 ; $88,31 ; $145,75 ; $226,23 ; $68,14 ; $121,87 ; $87,74 ; $76,58 ; $93,65 ;185,59;41,82;61,64;22,93;28,49;26,37;45,45;41,97;18,88;41,82;24,24
 $41,54 ; $77,38 ; $90,10 ; $87,90 ; $144,41 ; $232,88 ; $68,55 ; $121,22 ; $87,47 ; $77,38 ; $94,16 ;105,70;30,31;44,76;17,60;26,60;14,64;30,28;28,63;14,79;30,31;30,83
 $42,38 ; $77,45 ; $90,52 ; $90,50 ; $148,27 ; $233,80 ; $71,26 ; $124,18 ; $91,64 ; $77,45 ; $94,95 ;174,25;38,81;49,41;23,04;31,99;24,49;47,66;40,64;21,74;38,81;26,34
 $42,85 ; $78,09 ; $92,37 ; $90,11 ; $147,87 ; $220,87 ; $70,13 ; $124,87 ; $92,91 ; $78,09 ; $94,58 ;259,53;61,46;71,86;20,51;40,82;24,02;49,44;58,92;24,00;61,46;27,49
 $43,41 ; $78,49 ; $92,19 ; $91,33 ; $149,96 ; $216,28 ; $71,17 ; $126,30 ; $93,44 ; $78,49 ; $95,01 ;178,16;52,92;72,06;19,85;33,12;31,64;47,15;54,50;23,91;52,92;23,25
 $42,06 ; $79,26 ; $88,40 ; $90,04 ; $150,86 ; $204,72 ; $74,22 ; $122,73 ; $95,61 ; $79,26 ; $97,68 ;230,97;72,03;88,70;32,05;50,01;34,13;67,22;61,90;38,62;72,03;50,35
 $42,40 ; $79,15 ; $89,41 ; $88,56 ; $149,98 ; $205,63 ; $73,61 ; $124,28 ; $95,44 ; $79,15 ; $96,66 ;274,59;83,25;75,76;29,44;62,43;48,82;67,61;55,92;39,71;83,25;47,06
 $43,77 ; $80,51 ; $90,47 ; $90,57 ; $152,87 ; $221,40 ; $74,44 ; $126,97 ; $95,64 ; $80,51 ; $97,07 ;134,77;39,24;58,96;16,29;25,15;21,84;40,30;30,21;20,88;39,24;24,85
 $44,43 ; $81,84 ; $90,39 ; $92,73 ; $155,45 ; $223,96 ; $75,42 ; $129,28 ; $99,14 ; $81,84 ; $97,79 ;121,16;36,36;59,35;12,76;24,16;23,76;35,32;27,16;19,80;36,36;25,00
 $45,74 ; $82,51 ; $91,28 ; $94,28 ; $157,20 ; $220,33 ; $76,29 ; $131,46 ; $99,53 ; $82,51 ; $97,07 ;132,72;34,84;51,89;18,87;24,73;23,13;35,13;31,14;19,27;34,84;26,65
 $44,29 ; $82,99 ; $86,01 ; $89,89 ; $153,95 ; $203,92 ; $75,91 ; $125,89 ; $99,40 ; $82,99 ; $98,36 ;162,75;60,17;64,61;17,01;30,81;24,21;43,04;34,75;30,68;60,17;69,56
 $44,51 ; $83,93 ; $85,59 ; $92,69 ; $156,16 ; $220,44 ; $78,54 ; $130,57 ; $103,14 ; $83,93 ; $98,88 ;230,18;53,23;94,12;16,26;29,34;26,23;46,98;36,45;25,12;53,23;34,98
 $45,66 ; $83,05 ; $88,76 ; $94,07 ; $155,28 ; $222,53 ; $80,08 ; $133,18 ; $102,27 ; $83,05 ; $98,42 ;201,90;56,79;72,94;20,42;33,40;27,53;90,36;43,28;29,02;56,79;46,41
 $45,15 ; $83,02 ; $87,19 ; $96,92 ; $153,02 ; $225,10 ; $80,42 ; $134,83 ; $101,15 ; $83,02 ; $98,39 ;159,17;42,07;83,14;18,82;31,18;17,98;51,20;32,69;21,89;42,07;38,76
 $44,89 ; $81,20 ; $92,32 ; $94,71 ; $151,52 ; $222,81 ; $81,44 ; $134,57 ; $99,92 ; $81,20 ; $97,41 ;117,56;46,49;87,79;21,52;30,50;13,56;42,04;26,27;25,56;46,49;39,87
